password3,
Date,Time,Layer #,Sub. Rot.,Sub. Rot. Speed,Sub. Z Height,C.M. Press.,VAT Press Mode,VAT Pos STPT,VAT Pos Mode,Gas#1 Flow,Gas#1 STPT,Gas#2 Flow,Gas#2 STPT,Gas#3 Flow,Gas#3 STPT,Sub. Temp.,Sub. Temp. STPT,RF#1 W Fbdk,RF#1 DC Bias,RF#1 Plasma,RF#1 Shutter,RF#1 TGT,RF#1 KWH,RF#1 STPT,RF#2 W Fbdk,RF#2 DC Bias,RF#2 Plasma,RF#2 Shutter,RF#2 TGT,RF#2 KWH,RF#2 STPT,RF#3 W Fbdk,RF#3 DC Bias,RF#3 Plasma,RF#3 Shutter,RF#3 TGT,RF#3 KWH,RF#3 STPT,DC#1 W Fdbk,DC#1 V Fdbk,DC#1 mA Fdbk,DC#1 Plasma,DC#1 Shutter,DC#1 TGT,DC#1 KWH,DC#1 STPT,DC#1 MODE,DC#2 W Fdbk,DC#2 V Fdbk,DC#2 mA Fdbk,DC#2 Plasma,DC#2 Shutter,DC#2 TGT,DC#2 KWH,DC#2 STPT,DC#2 MODE,DC#3 W Fdbk,DC#3 V Fdbk,DC#3 mA Fdbk,DC#3 Plasma,DC#3 Shutter,DC#3 TGT,DC#3 KWH,DC#3 STPT,DC#3 MODE,DC SWITCH POS,DC#5 W Fdbk,DC#5 V Fdbk,DC#5 mA Fdbk,DC#5 Plasma,DC#5 Shutter,DC#5 TGT,DC#5 KWH,DC#5 STPT,DC#5 MODE
16-Jul-25,9:40:34 AM,1,OFF,1,0.00,-0.1,OFF,1000.00,OFF,-0.31,0.00,0.05,0.00,-0.01,0.00,0,0,0,0,OFF,Closed,100W MAX!,0.07,0,0,0,OFF,Closed,Al,0.03,0,0,0,OFF,Closed,Hf,0.00,0,0,0,0,OFF,Closed,Ti,0.31,0,Watts,0,0,0,OFF,Closed,Nb,1.15,0,Watts,0,0,0,OFF,Closed,Sn,0.02,0,Watts,1,0,0,0,OFF,Closed,Ta,0.84,0,Watts
16-Jul-25,9:40:39 AM,1,OFF,1,0.00,-0.0,OFF,1000.00,OFF,-0.31,0.00,0.05,0.00,-0.01,0.00,0,0,0,0,OFF,Closed,100W MAX!,0.07,0,0,0,OFF,Closed,Al,0.03,0,0,0,OFF,Closed,Hf,0.00,0,0,0,0,OFF,Closed,Ti,0.31,0,Watts,0,0,0,OFF,Closed,Nb,1.15,0,Watts,0,0,0,OFF,Closed,Sn,0.02,0,Watts,1,0,0,0,OFF,Closed,Ta,0.84,0,Watts
16-Jul-25,9:40:44 AM,1,OFF,1,0.00,-0.1,OFF,1000.00,OFF,-0.31,0.00,0.05,0.00,-0.01,0.00,0,0,0,0,OFF,Closed,100W MAX!,0.07,0,0,0,OFF,Closed,Al,0.03,0,0,0,OFF,Closed,Hf,0.00,0,0,0,0,OFF,Closed,Ti,0.31,0,Watts,0,0,0,OFF,Closed,Nb,1.15,0,Watts,0,0,0,OFF,Closed,Sn,0.02,0,Watts,1,0,0,0,OFF,Closed,Ta,0.84,0,Watts
16-Jul-25,9:40:49 AM,1,OFF,1,0.00,-0.1,OFF,1000.00,OFF,-0.31,0.00,0.05,0.00,-0.01,0.00,0,0,0,0,OFF,Closed,100W MAX!,0.07,0,0,0,OFF,Closed,Al,0.03,0,0,0,OFF,Closed,Hf,0.00,0,0,0,0,OFF,Closed,Ti,0.31,0,Watts,0,0,0,OFF,Closed,Nb,1.15,0,Watts,0,0,0,OFF,Closed,Sn,0.02,0,Watts,1,0,0,0,OFF,Closed,Ta,0.84,0,Watts
16-Jul-25,9:40:54 AM,1,OFF,1,0.00,-0.1,OFF,1000.00,OFF,-0.31,0.00,0.05,0.00,-0.01,0.00,0,0,0,0,OFF,Closed,100W MAX!,0.07,0,0,0,OFF,Closed,Al,0.03,0,0,0,OFF,Closed,Hf,0.00,0,0,0,0,OFF,Closed,Ti,0.31,0,Watts,0,0,0,OFF,Closed,Nb,1.15,0,Watts,0,0,0,OFF,Closed,Sn,0.02,0,Watts,1,0,0,0,OFF,Closed,Ta,0.84,0,Watts
16-Jul-25,9:40:59 AM,1,OFF,1,,-0.1,OFF,1000.00,OFF,-0.31,0.00,0.05,0.00,-0.01,0.00,423,0,0,0,OFF,Closed,100W MAX!,0.07,0,0,0,OFF,Closed,Al,0.03,0,0,0,OFF,Closed,Hf,0.00,0,0,0,0,OFF,Closed,Ti,0.31,0,Watts,0,0,0,OFF,Closed,Nb,1.15,0,Watts,0,0,0,OFF,Closed,Sn,0.02,0,Watts,1,0,0,0,OFF,Closed,Ta,0.84,0,Watts
16-Jul-25,9:41:04 AM,2,ON,30,,-0.1,OFF,1000.00,OFF,-0.31,0.00,0.05,0.00,-0.01,0.00,422,600,0,0,OFF,Closed,100W MAX!,0.07,0,0,0,OFF,Closed,Al,0.03,0,0,0,OFF,Closed,Hf,0.00,0,0,0,0,OFF,Closed,Ti,0.31,0,Watts,0,0,0,OFF,Closed,Nb,1.15,0,Watts,0,0,0,OFF,Closed,Sn,0.02,0,Watts,1,0,0,0,OFF,Closed,Ta,0.84,0,Watts
16-Jul-25,9:41:09 AM,2,ON,30,,-0.1,OFF,1000.00,OFF,-0.31,0.00,0.05,0.00,-0.01,0.00,421,600,0,0,OFF,Closed,100W MAX!,0.07,0,0,0,OFF,Closed,Al,0.03,0,0,0,OFF,Closed,Hf,0.00,0,0,0,0,OFF,Closed,Ti,0.31,0,Watts,0,0,0,OFF,Closed,Nb,1.15,0,Watts,0,0,0,OFF,Closed,Sn,0.02,0,Watts,1,0,0,0,OFF,Closed,Ta,0.84,0,Watts
16-Jul-25,9:41:14 AM,2,ON,30,0.42,-0.1,OFF,1000.00,OFF,-0.31,0.00,0.05,0.00,-0.01,0.00,423,600,0,0,OFF,Closed,100W MAX!,0.07,0,0,0,OFF,Closed,Al,0.03,0,0,0,OFF,Closed,Hf,0.00,0,0,0,0,OFF,Closed,Ti,0.31,0,Watts,0,0,0,OFF,Closed,Nb,1.15,0,Watts,0,0,0,OFF,Closed,Sn,0.02,0,Watts,1,0,0,0,OFF,Closed,Ta,0.84,0,Watts
16-Jul-25,9:41:19 AM,2,ON,30,0.42,-0.1,OFF,1000.00,OFF,-0.31,0.00,0.05,0.00,-0.01,0.00,425,600,0,0,OFF,Closed,100W MAX!,0.07,0,0,0,OFF,Closed,Al,0.03,0,0,0,OFF,Closed,Hf,0.00,0,0,0,0,OFF,Closed,Ti,0.31,0,Watts,0,0,0,OFF,Closed,Nb,1.15,0,Watts,0,0,0,OFF,Closed,Sn,0.02,0,Watts,1,0,0,0,OFF,Closed,Ta,0.84,0,Watts
16-Jul-25,9:41:24 AM,2,ON,30,0.42,-0.1,OFF,1000.00,OFF,-0.31,0.00,0.05,0.00,-0.01,0.00,427,600,0,0,OFF,Closed,100W MAX!,0.07,0,0,0,OFF,Closed,Al,0.03,0,0,0,OFF,Closed,Hf,0.00,0,0,0,0,OFF,Closed,Ti,0.31,0,Watts,0,0,0,OFF,Closed,Nb,1.15,0,Watts,0,0,0,OFF,Closed,Sn,0.02,0,Watts,1,0,0,0,OFF,Closed,Ta,0.84,0,Watts
16-Jul-25,9:41:29 AM,2,ON,30,0.42,-0.1,OFF,1000.00,OFF,-0.31,0.00,0.05,0.00,-0.01,0.00,429,600,0,0,OFF,Closed,100W MAX!,0.07,0,0,0,OFF,Closed,Al,0.03,0,0,0,OFF,Closed,Hf,0.00,0,0,0,0,OFF,Closed,Ti,0.31,0,Watts,0,0,0,OFF,Closed,Nb,1.15,0,Watts,0,0,0,OFF,Closed,Sn,0.02,0,Watts,1,0,0,0,OFF,Closed,Ta,0.84,0,Watts
16-Jul-25,9:41:34 AM,2,ON,30,0.42,-0.1,OFF,1000.00,OFF,-0.31,0.00,0.05,0.00,-0.01,0.00,432,600,0,0,OFF,Closed,100W MAX!,0.07,0,0,0,OFF,Closed,Al,0.03,0,0,0,OFF,Closed,Hf,0.00,0,0,0,0,OFF,Closed,Ti,0.31,0,Watts,0,0,0,OFF,Closed,Nb,1.15,0,Watts,0,0,0,OFF,Closed,Sn,0.02,0,Watts,1,0,0,0,OFF,Closed,Ta,0.84,0,Watts
16-Jul-25,9:41:39 AM,2,ON,30,0.42,0.0,OFF,1000.00,OFF,-0.31,0.00,0.05,0.00,-0.01,0.00,437,600,0,0,OFF,Closed,100W MAX!,0.07,0,0,0,OFF,Closed,Al,0.03,0,0,0,OFF,Closed,Hf,0.00,0,0,0,0,OFF,Closed,Ti,0.31,0,Watts,0,0,0,OFF,Closed,Nb,1.15,0,Watts,0,0,0,OFF,Closed,Sn,0.02,0,Watts,1,0,0,0,OFF,Closed,Ta,0.84,0,Watts
16-Jul-25,9:41:44 AM,2,ON,30,0.42,-0.1,OFF,1000.00,OFF,-0.31,0.00,0.05,0.00,-0.01,0.00,441,600,0,0,OFF,Closed,100W MAX!,0.07,0,0,0,OFF,Closed,Al,0.03,0,0,0,OFF,Closed,Hf,0.00,0,0,0,0,OFF,Closed,Ti,0.31,0,Watts,0,0,0,OFF,Closed,Nb,1.15,0,Watts,0,0,0,OFF,Closed,Sn,0.02,0,Watts,1,0,0,0,OFF,Closed,Ta,0.84,0,Watts
16-Jul-25,9:41:49 AM,2,ON,30,0.42,-0.1,OFF,1000.00,OFF,-0.31,0.00,0.05,0.00,-0.01,0.00,444,600,0,0,OFF,Closed,100W MAX!,0.07,0,0,0,OFF,Closed,Al,0.03,0,0,0,OFF,Closed,Hf,0.00,0,0,0,0,OFF,Closed,Ti,0.31,0,Watts,0,0,0,OFF,Closed,Nb,1.15,0,Watts,0,0,0,OFF,Closed,Sn,0.02,0,Watts,1,0,0,0,OFF,Closed,Ta,0.84,0,Watts
16-Jul-25,9:41:54 AM,2,ON,30,0.42,-0.1,OFF,1000.00,OFF,-0.31,0.00,0.05,0.00,-0.01,0.00,446,600,0,0,OFF,Closed,100W MAX!,0.07,0,0,0,OFF,Closed,Al,0.03,0,0,0,OFF,Closed,Hf,0.00,0,0,0,0,OFF,Closed,Ti,0.31,0,Watts,0,0,0,OFF,Closed,Nb,1.15,0,Watts,0,0,0,OFF,Closed,Sn,0.02,0,Watts,1,0,0,0,OFF,Closed,Ta,0.84,0,Watts
16-Jul-25,9:41:59 AM,2,ON,30,0.42,-0.1,OFF,1000.00,OFF,-0.31,0.00,0.05,0.00,-0.01,0.00,450,600,0,0,OFF,Closed,100W MAX!,0.07,0,0,0,OFF,Closed,Al,0.03,0,0,0,OFF,Closed,Hf,0.00,0,0,0,0,OFF,Closed,Ti,0.31,0,Watts,0,0,0,OFF,Closed,Nb,1.15,0,Watts,0,0,0,OFF,Closed,Sn,0.02,0,Watts,1,0,0,0,OFF,Closed,Ta,0.84,0,Watts
16-Jul-25,9:42:04 AM,2,ON,30,0.42,-0.1,OFF,1000.00,OFF,-0.31,0.00,0.05,0.00,-0.01,0.00,455,600,0,0,OFF,Closed,100W MAX!,0.07,0,0,0,OFF,Closed,Al,0.03,0,0,0,OFF,Closed,Hf,0.00,0,0,0,0,OFF,Closed,Ti,0.31,0,Watts,0,0,0,OFF,Closed,Nb,1.15,0,Watts,0,0,0,OFF,Closed,Sn,0.02,0,Watts,1,0,0,0,OFF,Closed,Ta,0.84,0,Watts
16-Jul-25,9:42:09 AM,2,ON,30,0.42,-0.1,OFF,1000.00,OFF,-0.31,0.00,0.05,0.00,-0.01,0.00,456,600,0,0,OFF,Closed,100W MAX!,0.07,0,0,0,OFF,Closed,Al,0.03,0,0,0,OFF,Closed,Hf,0.00,0,0,0,0,OFF,Closed,Ti,0.31,0,Watts,0,0,0,OFF,Closed,Nb,1.15,0,Watts,0,0,0,OFF,Closed,Sn,0.02,0,Watts,1,0,0,0,OFF,Closed,Ta,0.84,0,Watts
16-Jul-25,9:42:14 AM,2,ON,30,0.42,-0.1,OFF,1000.00,OFF,-0.31,0.00,0.05,0.00,-0.01,0.00,459,600,0,0,OFF,Closed,100W MAX!,0.07,0,0,0,OFF,Closed,Al,0.03,0,0,0,OFF,Closed,Hf,0.00,0,0,0,0,OFF,Closed,Ti,0.31,0,Watts,0,0,0,OFF,Closed,Nb,1.15,0,Watts,0,0,0,OFF,Closed,Sn,0.02,0,Watts,1,0,0,0,OFF,Closed,Ta,0.84,0,Watts
16-Jul-25,9:42:19 AM,2,ON,30,0.42,-0.1,OFF,1000.00,OFF,-0.31,0.00,0.05,0.00,-0.01,0.00,461,600,0,0,OFF,Closed,100W MAX!,0.07,0,0,0,OFF,Closed,Al,0.03,0,0,0,OFF,Closed,Hf,0.00,0,0,0,0,OFF,Closed,Ti,0.31,0,Watts,0,0,0,OFF,Closed,Nb,1.15,0,Watts,0,0,0,OFF,Closed,Sn,0.02,0,Watts,1,0,0,0,OFF,Closed,Ta,0.84,0,Watts
16-Jul-25,9:42:24 AM,2,ON,30,0.42,-0.0,OFF,1000.00,OFF,-0.31,0.00,0.05,0.00,-0.01,0.00,465,600,0,0,OFF,Closed,100W MAX!,0.07,0,0,0,OFF,Closed,Al,0.03,0,0,0,OFF,Closed,Hf,0.00,0,0,0,0,OFF,Closed,Ti,0.31,0,Watts,0,0,0,OFF,Closed,Nb,1.15,0,Watts,0,0,0,OFF,Closed,Sn,0.02,0,Watts,1,0,0,0,OFF,Closed,Ta,0.84,0,Watts
16-Jul-25,9:42:29 AM,2,ON,30,0.42,-0.0,OFF,1000.00,OFF,-0.31,0.00,0.05,0.00,-0.01,0.00,466,600,0,0,OFF,Closed,100W MAX!,0.07,0,0,0,OFF,Closed,Al,0.03,0,0,0,OFF,Closed,Hf,0.00,0,0,0,0,OFF,Closed,Ti,0.31,0,Watts,0,0,0,OFF,Closed,Nb,1.15,0,Watts,0,0,0,OFF,Closed,Sn,0.02,0,Watts,1,0,0,0,OFF,Closed,Ta,0.84,0,Watts
16-Jul-25,9:42:34 AM,2,ON,30,0.42,-0.0,OFF,1000.00,OFF,-0.31,0.00,0.05,0.00,-0.01,0.00,468,600,0,0,OFF,Closed,100W MAX!,0.07,0,0,0,OFF,Closed,Al,0.03,0,0,0,OFF,Closed,Hf,0.00,0,0,0,0,OFF,Closed,Ti,0.31,0,Watts,0,0,0,OFF,Closed,Nb,1.15,0,Watts,0,0,0,OFF,Closed,Sn,0.02,0,Watts,1,0,0,0,OFF,Closed,Ta,0.84,0,Watts
16-Jul-25,9:42:39 AM,2,ON,30,0.42,-0.0,OFF,1000.00,OFF,-0.31,0.00,0.05,0.00,-0.01,0.00,468,600,0,0,OFF,Closed,100W MAX!,0.07,0,0,0,OFF,Closed,Al,0.03,0,0,0,OFF,Closed,Hf,0.00,0,0,0,0,OFF,Closed,Ti,0.31,0,Watts,0,0,0,OFF,Closed,Nb,1.15,0,Watts,0,0,0,OFF,Closed,Sn,0.02,0,Watts,1,0,0,0,OFF,Closed,Ta,0.84,0,Watts
16-Jul-25,9:42:44 AM,2,ON,30,0.42,0.0,OFF,1000.00,OFF,-0.31,0.00,0.05,0.00,-0.01,0.00,469,600,0,0,OFF,Closed,100W MAX!,0.07,0,0,0,OFF,Closed,Al,0.03,0,0,0,OFF,Closed,Hf,0.00,0,0,0,0,OFF,Closed,Ti,0.31,0,Watts,0,0,0,OFF,Closed,Nb,1.15,0,Watts,0,0,0,OFF,Closed,Sn,0.02,0,Watts,1,0,0,0,OFF,Closed,Ta,0.84,0,Watts
16-Jul-25,9:42:49 AM,2,ON,30,0.42,-0.1,OFF,1000.00,OFF,-0.31,0.00,0.05,0.00,-0.01,0.00,471,600,0,0,OFF,Closed,100W MAX!,0.07,0,0,0,OFF,Closed,Al,0.03,0,0,0,OFF,Closed,Hf,0.00,0,0,0,0,OFF,Closed,Ti,0.31,0,Watts,0,0,0,OFF,Closed,Nb,1.15,0,Watts,0,0,0,OFF,Closed,Sn,0.02,0,Watts,1,0,0,0,OFF,Closed,Ta,0.84,0,Watts
16-Jul-25,9:42:54 AM,2,ON,30,0.42,-0.0,OFF,1000.00,OFF,-0.31,0.00,0.05,0.00,-0.01,0.00,473,600,0,0,OFF,Closed,100W MAX!,0.07,0,0,0,OFF,Closed,Al,0.03,0,0,0,OFF,Closed,Hf,0.00,0,0,0,0,OFF,Closed,Ti,0.31,0,Watts,0,0,0,OFF,Closed,Nb,1.15,0,Watts,0,0,0,OFF,Closed,Sn,0.02,0,Watts,1,0,0,0,OFF,Closed,Ta,0.84,0,Watts
16-Jul-25,9:42:59 AM,2,ON,30,0.42,-0.0,OFF,1000.00,OFF,-0.31,0.00,0.05,0.00,-0.01,0.00,476,600,0,0,OFF,Closed,100W MAX!,0.07,0,0,0,OFF,Closed,Al,0.03,0,0,0,OFF,Closed,Hf,0.00,0,0,0,0,OFF,Closed,Ti,0.31,0,Watts,0,0,0,OFF,Closed,Nb,1.15,0,Watts,0,0,0,OFF,Closed,Sn,0.02,0,Watts,1,0,0,0,OFF,Closed,Ta,0.84,0,Watts
16-Jul-25,9:43:04 AM,2,ON,30,0.42,-0.1,OFF,1000.00,OFF,-0.31,0.00,0.05,0.00,-0.01,0.00,478,600,0,0,OFF,Closed,100W MAX!,0.07,0,0,0,OFF,Closed,Al,0.03,0,0,0,OFF,Closed,Hf,0.00,0,0,0,0,OFF,Closed,Ti,0.31,0,Watts,0,0,0,OFF,Closed,Nb,1.15,0,Watts,0,0,0,OFF,Closed,Sn,0.02,0,Watts,1,0,0,0,OFF,Closed,Ta,0.84,0,Watts
16-Jul-25,9:43:09 AM,2,ON,30,0.42,-0.1,OFF,1000.00,OFF,-0.31,0.00,0.05,0.00,-0.01,0.00,482,600,0,0,OFF,Closed,100W MAX!,0.07,0,0,0,OFF,Closed,Al,0.03,0,0,0,OFF,Closed,Hf,0.00,0,0,0,0,OFF,Closed,Ti,0.31,0,Watts,0,0,0,OFF,Closed,Nb,1.15,0,Watts,0,0,0,OFF,Closed,Sn,0.02,0,Watts,1,0,0,0,OFF,Closed,Ta,0.84,0,Watts
16-Jul-25,9:43:14 AM,2,ON,30,0.42,-0.0,OFF,1000.00,OFF,-0.31,0.00,0.05,0.00,-0.01,0.00,485,600,0,0,OFF,Closed,100W MAX!,0.07,0,0,0,OFF,Closed,Al,0.03,0,0,0,OFF,Closed,Hf,0.00,0,0,0,0,OFF,Closed,Ti,0.31,0,Watts,0,0,0,OFF,Closed,Nb,1.15,0,Watts,0,0,0,OFF,Closed,Sn,0.02,0,Watts,1,0,0,0,OFF,Closed,Ta,0.84,0,Watts
16-Jul-25,9:43:19 AM,2,ON,30,0.42,-0.0,OFF,1000.00,OFF,-0.31,0.00,0.05,0.00,-0.01,0.00,488,600,0,0,OFF,Closed,100W MAX!,0.07,0,0,0,OFF,Closed,Al,0.03,0,0,0,OFF,Closed,Hf,0.00,0,0,0,0,OFF,Closed,Ti,0.31,0,Watts,0,0,0,OFF,Closed,Nb,1.15,0,Watts,0,0,0,OFF,Closed,Sn,0.02,0,Watts,1,0,0,0,OFF,Closed,Ta,0.84,0,Watts
16-Jul-25,9:43:24 AM,2,ON,30,0.42,-0.0,OFF,1000.00,OFF,-0.31,0.00,0.05,0.00,-0.01,0.00,490,600,0,0,OFF,Closed,100W MAX!,0.07,0,0,0,OFF,Closed,Al,0.03,0,0,0,OFF,Closed,Hf,0.00,0,0,0,0,OFF,Closed,Ti,0.31,0,Watts,0,0,0,OFF,Closed,Nb,1.15,0,Watts,0,0,0,OFF,Closed,Sn,0.02,0,Watts,1,0,0,0,OFF,Closed,Ta,0.84,0,Watts
16-Jul-25,9:43:29 AM,2,ON,30,0.42,-0.0,OFF,1000.00,OFF,-0.31,0.00,0.05,0.00,-0.01,0.00,493,600,0,0,OFF,Closed,100W MAX!,0.07,0,0,0,OFF,Closed,Al,0.03,0,0,0,OFF,Closed,Hf,0.00,0,0,0,0,OFF,Closed,Ti,0.31,0,Watts,0,0,0,OFF,Closed,Nb,1.15,0,Watts,0,0,0,OFF,Closed,Sn,0.02,0,Watts,1,0,0,0,OFF,Closed,Ta,0.84,0,Watts
16-Jul-25,9:43:34 AM,2,ON,30,0.42,-0.1,OFF,1000.00,OFF,-0.31,0.00,0.05,0.00,-0.01,0.00,496,600,0,0,OFF,Closed,100W MAX!,0.07,0,0,0,OFF,Closed,Al,0.03,0,0,0,OFF,Closed,Hf,0.00,0,0,0,0,OFF,Closed,Ti,0.31,0,Watts,0,0,0,OFF,Closed,Nb,1.15,0,Watts,0,0,0,OFF,Closed,Sn,0.02,0,Watts,1,0,0,0,OFF,Closed,Ta,0.84,0,Watts
16-Jul-25,9:43:39 AM,2,ON,30,0.42,-0.1,OFF,1000.00,OFF,-0.31,0.00,0.05,0.00,-0.01,0.00,498,600,0,0,OFF,Closed,100W MAX!,0.07,0,0,0,OFF,Closed,Al,0.03,0,0,0,OFF,Closed,Hf,0.00,0,0,0,0,OFF,Closed,Ti,0.31,0,Watts,0,0,0,OFF,Closed,Nb,1.15,0,Watts,0,0,0,OFF,Closed,Sn,0.02,0,Watts,1,0,0,0,OFF,Closed,Ta,0.84,0,Watts
16-Jul-25,9:43:44 AM,2,ON,30,0.42,-0.1,OFF,1000.00,OFF,-0.31,0.00,0.05,0.00,-0.01,0.00,500,600,0,0,OFF,Closed,100W MAX!,0.07,0,0,0,OFF,Closed,Al,0.03,0,0,0,OFF,Closed,Hf,0.00,0,0,0,0,OFF,Closed,Ti,0.31,0,Watts,0,0,0,OFF,Closed,Nb,1.15,0,Watts,0,0,0,OFF,Closed,Sn,0.02,0,Watts,1,0,0,0,OFF,Closed,Ta,0.84,0,Watts
16-Jul-25,9:43:49 AM,2,ON,30,0.42,-0.1,OFF,1000.00,OFF,-0.31,0.00,0.05,0.00,-0.01,0.00,502,600,0,0,OFF,Closed,100W MAX!,0.07,0,0,0,OFF,Closed,Al,0.03,0,0,0,OFF,Closed,Hf,0.00,0,0,0,0,OFF,Closed,Ti,0.31,0,Watts,0,0,0,OFF,Closed,Nb,1.15,0,Watts,0,0,0,OFF,Closed,Sn,0.02,0,Watts,1,0,0,0,OFF,Closed,Ta,0.84,0,Watts
16-Jul-25,9:43:54 AM,2,ON,30,0.42,-0.1,OFF,1000.00,OFF,-0.31,0.00,0.05,0.00,-0.01,0.00,506,600,0,0,OFF,Closed,100W MAX!,0.07,0,0,0,OFF,Closed,Al,0.03,0,0,0,OFF,Closed,Hf,0.00,0,0,0,0,OFF,Closed,Ti,0.31,0,Watts,0,0,0,OFF,Closed,Nb,1.15,0,Watts,0,0,0,OFF,Closed,Sn,0.02,0,Watts,1,0,0,0,OFF,Closed,Ta,0.84,0,Watts
16-Jul-25,9:43:59 AM,2,ON,30,0.42,-0.0,OFF,1000.00,OFF,-0.31,0.00,0.06,0.00,-0.01,0.00,508,600,0,0,OFF,Closed,100W MAX!,0.07,0,0,0,OFF,Closed,Al,0.03,0,0,0,OFF,Closed,Hf,0.00,0,0,0,0,OFF,Closed,Ti,0.31,0,Watts,0,0,0,OFF,Closed,Nb,1.15,0,Watts,0,0,0,OFF,Closed,Sn,0.02,0,Watts,1,0,0,0,OFF,Closed,Ta,0.84,0,Watts
16-Jul-25,9:44:04 AM,2,ON,30,0.42,-0.1,OFF,1000.00,OFF,-0.31,0.00,0.05,0.00,-0.01,0.00,510,600,0,0,OFF,Closed,100W MAX!,0.07,0,0,0,OFF,Closed,Al,0.03,0,0,0,OFF,Closed,Hf,0.00,0,0,0,0,OFF,Closed,Ti,0.31,0,Watts,0,0,0,OFF,Closed,Nb,1.15,0,Watts,0,0,0,OFF,Closed,Sn,0.02,0,Watts,1,0,0,0,OFF,Closed,Ta,0.84,0,Watts
16-Jul-25,9:44:09 AM,2,ON,30,0.42,-0.1,OFF,1000.00,OFF,-0.31,0.00,0.05,0.00,-0.01,0.00,512,600,0,0,OFF,Closed,100W MAX!,0.07,0,0,0,OFF,Closed,Al,0.03,0,0,0,OFF,Closed,Hf,0.00,0,0,0,0,OFF,Closed,Ti,0.31,0,Watts,0,0,0,OFF,Closed,Nb,1.15,0,Watts,0,0,0,OFF,Closed,Sn,0.02,0,Watts,1,0,0,0,OFF,Closed,Ta,0.84,0,Watts
16-Jul-25,9:44:14 AM,2,ON,30,0.42,-0.1,OFF,1000.00,OFF,-0.31,0.00,0.05,0.00,-0.01,0.00,515,600,0,0,OFF,Closed,100W MAX!,0.07,0,0,0,OFF,Closed,Al,0.03,0,0,0,OFF,Closed,Hf,0.00,0,0,0,0,OFF,Closed,Ti,0.31,0,Watts,0,0,0,OFF,Closed,Nb,1.15,0,Watts,0,0,0,OFF,Closed,Sn,0.02,0,Watts,1,0,0,0,OFF,Closed,Ta,0.84,0,Watts
16-Jul-25,9:44:19 AM,2,ON,30,0.42,-0.1,OFF,1000.00,OFF,-0.31,0.00,0.05,0.00,-0.01,0.00,516,600,0,0,OFF,Closed,100W MAX!,0.07,0,0,0,OFF,Closed,Al,0.03,0,0,0,OFF,Closed,Hf,0.00,0,0,0,0,OFF,Closed,Ti,0.31,0,Watts,0,0,0,OFF,Closed,Nb,1.15,0,Watts,0,0,0,OFF,Closed,Sn,0.02,0,Watts,1,0,0,0,OFF,Closed,Ta,0.84,0,Watts
16-Jul-25,9:44:24 AM,2,ON,30,0.42,-0.1,OFF,1000.00,OFF,-0.31,0.00,0.05,0.00,-0.01,0.00,519,600,0,0,OFF,Closed,100W MAX!,0.07,0,0,0,OFF,Closed,Al,0.03,0,0,0,OFF,Closed,Hf,0.00,0,0,0,0,OFF,Closed,Ti,0.31,0,Watts,0,0,0,OFF,Closed,Nb,1.15,0,Watts,0,0,0,OFF,Closed,Sn,0.02,0,Watts,1,0,0,0,OFF,Closed,Ta,0.84,0,Watts
16-Jul-25,9:44:29 AM,2,ON,30,0.42,-0.1,OFF,1000.00,OFF,-0.31,0.00,0.05,0.00,-0.01,0.00,521,600,0,0,OFF,Closed,100W MAX!,0.07,0,0,0,OFF,Closed,Al,0.03,0,0,0,OFF,Closed,Hf,0.00,0,0,0,0,OFF,Closed,Ti,0.31,0,Watts,0,0,0,OFF,Closed,Nb,1.15,0,Watts,0,0,0,OFF,Closed,Sn,0.02,0,Watts,1,0,0,0,OFF,Closed,Ta,0.84,0,Watts
16-Jul-25,9:44:34 AM,2,ON,30,0.42,-0.1,OFF,1000.00,OFF,-0.31,0.00,0.05,0.00,-0.01,0.00,523,600,0,0,OFF,Closed,100W MAX!,0.07,0,0,0,OFF,Closed,Al,0.03,0,0,0,OFF,Closed,Hf,0.00,0,0,0,0,OFF,Closed,Ti,0.31,0,Watts,0,0,0,OFF,Closed,Nb,1.15,0,Watts,0,0,0,OFF,Closed,Sn,0.02,0,Watts,1,0,0,0,OFF,Closed,Ta,0.84,0,Watts
16-Jul-25,9:44:39 AM,2,ON,30,0.42,-0.0,OFF,1000.00,OFF,-0.31,0.00,0.05,0.00,-0.01,0.00,526,600,0,0,OFF,Closed,100W MAX!,0.07,0,0,0,OFF,Closed,Al,0.03,0,0,0,OFF,Closed,Hf,0.00,0,0,0,0,OFF,Closed,Ti,0.31,0,Watts,0,0,0,OFF,Closed,Nb,1.15,0,Watts,0,0,0,OFF,Closed,Sn,0.02,0,Watts,1,0,0,0,OFF,Closed,Ta,0.84,0,Watts
16-Jul-25,9:44:44 AM,2,ON,30,0.42,-0.1,OFF,1000.00,OFF,-0.31,0.00,0.05,0.00,-0.01,0.00,531,600,0,0,OFF,Closed,100W MAX!,0.07,0,0,0,OFF,Closed,Al,0.03,0,0,0,OFF,Closed,Hf,0.00,0,0,0,0,OFF,Closed,Ti,0.31,0,Watts,0,0,0,OFF,Closed,Nb,1.15,0,Watts,0,0,0,OFF,Closed,Sn,0.02,0,Watts,1,0,0,0,OFF,Closed,Ta,0.84,0,Watts
16-Jul-25,9:44:49 AM,2,ON,30,0.42,-0.1,OFF,1000.00,OFF,-0.31,0.00,0.05,0.00,-0.01,0.00,534,600,0,0,OFF,Closed,100W MAX!,0.07,0,0,0,OFF,Closed,Al,0.03,0,0,0,OFF,Closed,Hf,0.00,0,0,0,0,OFF,Closed,Ti,0.31,0,Watts,0,0,0,OFF,Closed,Nb,1.15,0,Watts,0,0,0,OFF,Closed,Sn,0.02,0,Watts,1,0,0,0,OFF,Closed,Ta,0.84,0,Watts
16-Jul-25,9:44:54 AM,2,ON,30,0.42,-0.1,OFF,1000.00,OFF,-0.31,0.00,0.05,0.00,-0.01,0.00,535,600,0,0,OFF,Closed,100W MAX!,0.07,0,0,0,OFF,Closed,Al,0.03,0,0,0,OFF,Closed,Hf,0.00,0,0,0,0,OFF,Closed,Ti,0.31,0,Watts,0,0,0,OFF,Closed,Nb,1.15,0,Watts,0,0,0,OFF,Closed,Sn,0.02,0,Watts,1,0,0,0,OFF,Closed,Ta,0.84,0,Watts
16-Jul-25,9:44:59 AM,2,ON,30,0.42,-0.0,OFF,1000.00,OFF,-0.31,0.00,0.05,0.00,-0.01,0.00,537,600,0,0,OFF,Closed,100W MAX!,0.07,0,0,0,OFF,Closed,Al,0.03,0,0,0,OFF,Closed,Hf,0.00,0,0,0,0,OFF,Closed,Ti,0.31,0,Watts,0,0,0,OFF,Closed,Nb,1.15,0,Watts,0,0,0,OFF,Closed,Sn,0.02,0,Watts,1,0,0,0,OFF,Closed,Ta,0.84,0,Watts
16-Jul-25,9:45:04 AM,2,ON,30,0.42,-0.0,OFF,1000.00,OFF,-0.31,0.00,0.05,0.00,-0.01,0.00,540,600,0,0,OFF,Closed,100W MAX!,0.07,0,0,0,OFF,Closed,Al,0.03,0,0,0,OFF,Closed,Hf,0.00,0,0,0,0,OFF,Closed,Ti,0.31,0,Watts,0,0,0,OFF,Closed,Nb,1.15,0,Watts,0,0,0,OFF,Closed,Sn,0.02,0,Watts,1,0,0,0,OFF,Closed,Ta,0.84,0,Watts
16-Jul-25,9:45:09 AM,2,ON,30,0.42,-0.1,OFF,1000.00,OFF,-0.31,0.00,0.05,0.00,-0.01,0.00,541,600,0,0,OFF,Closed,100W MAX!,0.07,0,0,0,OFF,Closed,Al,0.03,0,0,0,OFF,Closed,Hf,0.00,0,0,0,0,OFF,Closed,Ti,0.31,0,Watts,0,0,0,OFF,Closed,Nb,1.15,0,Watts,0,0,0,OFF,Closed,Sn,0.02,0,Watts,1,0,0,0,OFF,Closed,Ta,0.84,0,Watts
16-Jul-25,9:45:14 AM,2,ON,30,0.42,-0.1,OFF,1000.00,OFF,-0.31,0.00,0.05,0.00,-0.01,0.00,544,600,0,0,OFF,Closed,100W MAX!,0.07,0,0,0,OFF,Closed,Al,0.03,0,0,0,OFF,Closed,Hf,0.00,0,0,0,0,OFF,Closed,Ti,0.31,0,Watts,0,0,0,OFF,Closed,Nb,1.15,0,Watts,0,0,0,OFF,Closed,Sn,0.02,0,Watts,1,0,0,0,OFF,Closed,Ta,0.84,0,Watts
16-Jul-25,9:45:19 AM,2,ON,30,0.42,0.0,OFF,1000.00,OFF,-0.31,0.00,0.05,0.00,-0.01,0.00,546,600,0,0,OFF,Closed,100W MAX!,0.07,0,0,0,OFF,Closed,Al,0.03,0,0,0,OFF,Closed,Hf,0.00,0,0,0,0,OFF,Closed,Ti,0.31,0,Watts,0,0,0,OFF,Closed,Nb,1.15,0,Watts,0,0,0,OFF,Closed,Sn,0.02,0,Watts,1,0,0,0,OFF,Closed,Ta,0.84,0,Watts
16-Jul-25,9:45:24 AM,2,ON,30,0.42,-0.1,OFF,1000.00,OFF,-0.31,0.00,0.05,0.00,-0.01,0.00,549,600,0,0,OFF,Closed,100W MAX!,0.07,0,0,0,OFF,Closed,Al,0.03,0,0,0,OFF,Closed,Hf,0.00,0,0,0,0,OFF,Closed,Ti,0.31,0,Watts,0,0,0,OFF,Closed,Nb,1.15,0,Watts,0,0,0,OFF,Closed,Sn,0.02,0,Watts,1,0,0,0,OFF,Closed,Ta,0.84,0,Watts
16-Jul-25,9:45:29 AM,2,ON,30,0.42,-0.1,OFF,1000.00,OFF,-0.31,0.00,0.05,0.00,-0.01,0.00,553,600,0,0,OFF,Closed,100W MAX!,0.07,0,0,0,OFF,Closed,Al,0.03,0,0,0,OFF,Closed,Hf,0.00,0,0,0,0,OFF,Closed,Ti,0.31,0,Watts,0,0,0,OFF,Closed,Nb,1.15,0,Watts,0,0,0,OFF,Closed,Sn,0.02,0,Watts,1,0,0,0,OFF,Closed,Ta,0.84,0,Watts
16-Jul-25,9:45:34 AM,2,ON,30,0.42,-0.1,OFF,1000.00,OFF,-0.31,0.00,0.05,0.00,-0.01,0.00,554,600,0,0,OFF,Closed,100W MAX!,0.07,0,0,0,OFF,Closed,Al,0.03,0,0,0,OFF,Closed,Hf,0.00,0,0,0,0,OFF,Closed,Ti,0.31,0,Watts,0,0,0,OFF,Closed,Nb,1.15,0,Watts,0,0,0,OFF,Closed,Sn,0.02,0,Watts,1,0,0,0,OFF,Closed,Ta,0.84,0,Watts
16-Jul-25,9:45:39 AM,2,ON,30,0.42,-0.1,OFF,1000.00,OFF,-0.31,0.00,0.05,0.00,-0.01,0.00,557,600,0,0,OFF,Closed,100W MAX!,0.07,0,0,0,OFF,Closed,Al,0.03,0,0,0,OFF,Closed,Hf,0.00,0,0,0,0,OFF,Closed,Ti,0.31,0,Watts,0,0,0,OFF,Closed,Nb,1.15,0,Watts,0,0,0,OFF,Closed,Sn,0.02,0,Watts,1,0,0,0,OFF,Closed,Ta,0.84,0,Watts
16-Jul-25,9:45:44 AM,2,ON,30,0.42,-0.1,OFF,1000.00,OFF,-0.31,0.00,0.05,0.00,-0.01,0.00,560,600,0,0,OFF,Closed,100W MAX!,0.07,0,0,0,OFF,Closed,Al,0.03,0,0,0,OFF,Closed,Hf,0.00,0,0,0,0,OFF,Closed,Ti,0.31,0,Watts,0,0,0,OFF,Closed,Nb,1.15,0,Watts,0,0,0,OFF,Closed,Sn,0.02,0,Watts,1,0,0,0,OFF,Closed,Ta,0.84,0,Watts
16-Jul-25,9:45:49 AM,2,ON,30,0.42,-0.0,OFF,1000.00,OFF,-0.31,0.00,0.05,0.00,-0.01,0.00,562,600,0,0,OFF,Closed,100W MAX!,0.07,0,0,0,OFF,Closed,Al,0.03,0,0,0,OFF,Closed,Hf,0.00,0,0,0,0,OFF,Closed,Ti,0.31,0,Watts,0,0,0,OFF,Closed,Nb,1.15,0,Watts,0,0,0,OFF,Closed,Sn,0.02,0,Watts,1,0,0,0,OFF,Closed,Ta,0.84,0,Watts
16-Jul-25,9:45:54 AM,2,ON,30,0.42,-0.1,OFF,1000.00,OFF,-0.31,0.00,0.05,0.00,-0.01,0.00,564,600,0,0,OFF,Closed,100W MAX!,0.07,0,0,0,OFF,Closed,Al,0.03,0,0,0,OFF,Closed,Hf,0.00,0,0,0,0,OFF,Closed,Ti,0.31,0,Watts,0,0,0,OFF,Closed,Nb,1.15,0,Watts,0,0,0,OFF,Closed,Sn,0.02,0,Watts,1,0,0,0,OFF,Closed,Ta,0.84,0,Watts
16-Jul-25,9:45:59 AM,2,ON,30,0.42,-0.1,OFF,1000.00,OFF,-0.31,0.00,0.05,0.00,-0.01,0.00,567,600,0,0,OFF,Closed,100W MAX!,0.07,0,0,0,OFF,Closed,Al,0.03,0,0,0,OFF,Closed,Hf,0.00,0,0,0,0,OFF,Closed,Ti,0.31,0,Watts,0,0,0,OFF,Closed,Nb,1.15,0,Watts,0,0,0,OFF,Closed,Sn,0.02,0,Watts,1,0,0,0,OFF,Closed,Ta,0.84,0,Watts
16-Jul-25,9:46:04 AM,2,ON,30,0.42,0.0,OFF,1000.00,OFF,-0.31,0.00,0.05,0.00,-0.01,0.00,569,600,0,0,OFF,Closed,100W MAX!,0.07,0,0,0,OFF,Closed,Al,0.03,0,0,0,OFF,Closed,Hf,0.00,0,0,0,0,OFF,Closed,Ti,0.31,0,Watts,0,0,0,OFF,Closed,Nb,1.15,0,Watts,0,0,0,OFF,Closed,Sn,0.02,0,Watts,1,0,0,0,OFF,Closed,Ta,0.84,0,Watts
16-Jul-25,9:46:09 AM,2,ON,30,0.42,-0.0,OFF,1000.00,OFF,-0.31,0.00,0.05,0.00,-0.01,0.00,571,600,0,0,OFF,Closed,100W MAX!,0.07,0,0,0,OFF,Closed,Al,0.03,0,0,0,OFF,Closed,Hf,0.00,0,0,0,0,OFF,Closed,Ti,0.31,0,Watts,0,0,0,OFF,Closed,Nb,1.15,0,Watts,0,0,0,OFF,Closed,Sn,0.02,0,Watts,1,0,0,0,OFF,Closed,Ta,0.84,0,Watts
16-Jul-25,9:46:14 AM,2,ON,30,0.42,-0.1,OFF,1000.00,OFF,-0.31,0.00,0.05,0.00,-0.01,0.00,577,600,0,0,OFF,Closed,100W MAX!,0.07,0,0,0,OFF,Closed,Al,0.03,0,0,0,OFF,Closed,Hf,0.00,0,0,0,0,OFF,Closed,Ti,0.31,0,Watts,0,0,0,OFF,Closed,Nb,1.15,0,Watts,0,0,0,OFF,Closed,Sn,0.02,0,Watts,1,0,0,0,OFF,Closed,Ta,0.84,0,Watts
16-Jul-25,9:46:19 AM,2,ON,30,0.42,-0.0,OFF,1000.00,OFF,-0.31,0.00,0.05,0.00,-0.01,0.00,577,600,0,0,OFF,Closed,100W MAX!,0.07,0,0,0,OFF,Closed,Al,0.03,0,0,0,OFF,Closed,Hf,0.00,0,0,0,0,OFF,Closed,Ti,0.31,0,Watts,0,0,0,OFF,Closed,Nb,1.15,0,Watts,0,0,0,OFF,Closed,Sn,0.02,0,Watts,1,0,0,0,OFF,Closed,Ta,0.84,0,Watts
16-Jul-25,9:46:24 AM,2,ON,30,0.42,-0.1,OFF,1000.00,OFF,-0.31,0.00,0.05,0.00,-0.01,0.00,580,600,0,0,OFF,Closed,100W MAX!,0.07,0,0,0,OFF,Closed,Al,0.03,0,0,0,OFF,Closed,Hf,0.00,0,0,0,0,OFF,Closed,Ti,0.31,0,Watts,0,0,0,OFF,Closed,Nb,1.15,0,Watts,0,0,0,OFF,Closed,Sn,0.02,0,Watts,1,0,0,0,OFF,Closed,Ta,0.84,0,Watts
16-Jul-25,9:46:29 AM,2,ON,30,0.42,-0.1,OFF,1000.00,OFF,-0.31,0.00,0.05,0.00,-0.01,0.00,582,600,0,0,OFF,Closed,100W MAX!,0.07,0,0,0,OFF,Closed,Al,0.03,0,0,0,OFF,Closed,Hf,0.00,0,0,0,0,OFF,Closed,Ti,0.31,0,Watts,0,0,0,OFF,Closed,Nb,1.15,0,Watts,0,0,0,OFF,Closed,Sn,0.02,0,Watts,1,0,0,0,OFF,Closed,Ta,0.84,0,Watts
16-Jul-25,9:46:34 AM,2,ON,30,0.42,-0.1,OFF,1000.00,OFF,-0.31,0.00,0.05,0.00,-0.01,0.00,584,600,0,0,OFF,Closed,100W MAX!,0.07,0,0,0,OFF,Closed,Al,0.03,0,0,0,OFF,Closed,Hf,0.00,0,0,0,0,OFF,Closed,Ti,0.31,0,Watts,0,0,0,OFF,Closed,Nb,1.15,0,Watts,0,0,0,OFF,Closed,Sn,0.02,0,Watts,1,0,0,0,OFF,Closed,Ta,0.84,0,Watts
16-Jul-25,9:46:39 AM,2,ON,30,0.42,-0.1,OFF,1000.00,OFF,-0.31,0.00,0.05,0.00,-0.01,0.00,586,600,0,0,OFF,Closed,100W MAX!,0.07,0,0,0,OFF,Closed,Al,0.03,0,0,0,OFF,Closed,Hf,0.00,0,0,0,0,OFF,Closed,Ti,0.31,0,Watts,0,0,0,OFF,Closed,Nb,1.15,0,Watts,0,0,0,OFF,Closed,Sn,0.02,0,Watts,1,0,0,0,OFF,Closed,Ta,0.84,0,Watts
16-Jul-25,9:46:44 AM,2,ON,30,0.42,-0.0,OFF,1000.00,OFF,-0.31,0.00,0.05,0.00,-0.01,0.00,589,600,0,0,OFF,Closed,100W MAX!,0.07,0,0,0,OFF,Closed,Al,0.03,0,0,0,OFF,Closed,Hf,0.00,0,0,0,0,OFF,Closed,Ti,0.31,0,Watts,0,0,0,OFF,Closed,Nb,1.15,0,Watts,0,0,0,OFF,Closed,Sn,0.02,0,Watts,1,0,0,0,OFF,Closed,Ta,0.84,0,Watts
16-Jul-25,9:46:49 AM,2,ON,30,0.42,-0.1,OFF,1000.00,OFF,-0.31,0.00,0.05,0.00,-0.01,0.00,590,600,0,0,OFF,Closed,100W MAX!,0.07,0,0,0,OFF,Closed,Al,0.03,0,0,0,OFF,Closed,Hf,0.00,0,0,0,0,OFF,Closed,Ti,0.31,0,Watts,0,0,0,OFF,Closed,Nb,1.15,0,Watts,0,0,0,OFF,Closed,Sn,0.02,0,Watts,1,0,0,0,OFF,Closed,Ta,0.84,0,Watts
16-Jul-25,9:46:54 AM,2,ON,30,0.42,-0.1,OFF,1000.00,OFF,-0.31,0.00,0.05,0.00,-0.01,0.00,593,600,0,0,OFF,Closed,100W MAX!,0.07,0,0,0,OFF,Closed,Al,0.03,0,0,0,OFF,Closed,Hf,0.00,0,0,0,0,OFF,Closed,Ti,0.31,0,Watts,0,0,0,OFF,Closed,Nb,1.15,0,Watts,0,0,0,OFF,Closed,Sn,0.02,0,Watts,1,0,0,0,OFF,Closed,Ta,0.84,0,Watts
16-Jul-25,9:46:59 AM,2,ON,30,0.42,-0.1,OFF,1000.00,OFF,-0.31,0.00,0.05,0.00,-0.01,0.00,598,600,0,0,OFF,Closed,100W MAX!,0.07,0,0,0,OFF,Closed,Al,0.03,0,0,0,OFF,Closed,Hf,0.00,0,0,0,0,OFF,Closed,Ti,0.31,0,Watts,0,0,0,OFF,Closed,Nb,1.15,0,Watts,0,0,0,OFF,Closed,Sn,0.02,0,Watts,1,0,0,0,OFF,Closed,Ta,0.84,0,Watts
16-Jul-25,9:47:04 AM,2,ON,30,0.42,-0.1,OFF,1000.00,OFF,-0.31,0.00,0.05,0.00,-0.01,0.00,599,600,0,0,OFF,Closed,100W MAX!,0.07,0,0,0,OFF,Closed,Al,0.03,0,0,0,OFF,Closed,Hf,0.00,0,0,0,0,OFF,Closed,Ti,0.31,0,Watts,0,0,0,OFF,Closed,Nb,1.15,0,Watts,0,0,0,OFF,Closed,Sn,0.02,0,Watts,1,0,0,0,OFF,Closed,Ta,0.84,0,Watts
16-Jul-25,9:47:09 AM,2,ON,30,0.42,-0.0,OFF,1000.00,OFF,-0.31,0.00,0.05,0.00,-0.01,0.00,600,600,0,0,OFF,Closed,100W MAX!,0.07,0,0,0,OFF,Closed,Al,0.03,0,0,0,OFF,Closed,Hf,0.00,0,0,0,0,OFF,Closed,Ti,0.31,0,Watts,0,0,0,OFF,Closed,Nb,1.15,0,Watts,0,0,0,OFF,Closed,Sn,0.02,0,Watts,1,0,0,0,OFF,Closed,Ta,0.84,0,Watts
16-Jul-25,9:47:14 AM,2,ON,30,0.42,-0.1,OFF,1000.00,OFF,-0.31,0.00,0.05,0.00,-0.01,0.00,600,600,0,0,OFF,Closed,100W MAX!,0.07,0,0,0,OFF,Closed,Al,0.03,0,0,0,OFF,Closed,Hf,0.00,0,0,0,0,OFF,Closed,Ti,0.31,0,Watts,0,0,0,OFF,Closed,Nb,1.15,0,Watts,0,0,0,OFF,Closed,Sn,0.02,0,Watts,1,0,0,0,OFF,Closed,Ta,0.84,0,Watts
16-Jul-25,9:47:19 AM,2,ON,30,0.42,-0.0,OFF,1000.00,OFF,-0.31,0.00,0.05,0.00,-0.01,0.00,601,600,0,0,OFF,Closed,100W MAX!,0.07,0,0,0,OFF,Closed,Al,0.03,0,0,0,OFF,Closed,Hf,0.00,0,0,0,0,OFF,Closed,Ti,0.31,0,Watts,0,0,0,OFF,Closed,Nb,1.15,0,Watts,0,0,0,OFF,Closed,Sn,0.02,0,Watts,1,0,0,0,OFF,Closed,Ta,0.84,0,Watts
16-Jul-25,9:47:24 AM,2,ON,30,0.42,-0.1,OFF,1000.00,OFF,-0.31,0.00,0.05,0.00,-0.01,0.00,599,600,0,0,OFF,Closed,100W MAX!,0.07,0,0,0,OFF,Closed,Al,0.03,0,0,0,OFF,Closed,Hf,0.00,0,0,0,0,OFF,Closed,Ti,0.31,0,Watts,0,0,0,OFF,Closed,Nb,1.15,0,Watts,0,0,0,OFF,Closed,Sn,0.02,0,Watts,1,0,0,0,OFF,Closed,Ta,0.84,0,Watts
16-Jul-25,9:47:29 AM,2,ON,30,0.42,-0.0,OFF,1000.00,OFF,-0.31,0.00,0.05,0.00,-0.01,0.00,599,600,0,0,OFF,Closed,100W MAX!,0.07,0,0,0,OFF,Closed,Al,0.03,0,0,0,OFF,Closed,Hf,0.00,0,0,0,0,OFF,Closed,Ti,0.31,0,Watts,0,0,0,OFF,Closed,Nb,1.15,0,Watts,0,0,0,OFF,Closed,Sn,0.02,0,Watts,1,0,0,0,OFF,Closed,Ta,0.84,0,Watts
16-Jul-25,9:47:34 AM,2,ON,30,0.42,-0.1,OFF,1000.00,OFF,-0.31,0.00,0.05,0.00,-0.01,0.00,599,600,0,0,OFF,Closed,100W MAX!,0.07,0,0,0,OFF,Closed,Al,0.03,0,0,0,OFF,Closed,Hf,0.00,0,0,0,0,OFF,Closed,Ti,0.31,0,Watts,0,0,0,OFF,Closed,Nb,1.15,0,Watts,0,0,0,OFF,Closed,Sn,0.02,0,Watts,1,0,0,0,OFF,Closed,Ta,0.84,0,Watts
16-Jul-25,9:47:39 AM,2,ON,30,0.42,-0.1,OFF,1000.00,OFF,-0.31,0.00,0.05,0.00,-0.01,0.00,599,600,0,0,OFF,Closed,100W MAX!,0.07,0,0,0,OFF,Closed,Al,0.03,0,0,0,OFF,Closed,Hf,0.00,0,0,0,0,OFF,Closed,Ti,0.31,0,Watts,0,0,0,OFF,Closed,Nb,1.15,0,Watts,0,0,0,OFF,Closed,Sn,0.02,0,Watts,1,0,0,0,OFF,Closed,Ta,0.84,0,Watts
16-Jul-25,9:47:44 AM,2,ON,30,0.42,0.0,OFF,1000.00,OFF,-0.31,0.00,0.05,0.00,-0.01,0.00,598,600,0,0,OFF,Closed,100W MAX!,0.07,0,0,0,OFF,Closed,Al,0.03,0,0,0,OFF,Closed,Hf,0.00,0,0,0,0,OFF,Closed,Ti,0.31,0,Watts,0,0,0,OFF,Closed,Nb,1.15,0,Watts,0,0,0,OFF,Closed,Sn,0.02,0,Watts,1,0,0,0,OFF,Closed,Ta,0.84,0,Watts
16-Jul-25,9:47:49 AM,2,ON,30,0.42,-0.1,OFF,1000.00,OFF,-0.31,0.00,0.05,0.00,-0.01,0.00,598,600,0,0,OFF,Closed,100W MAX!,0.07,0,0,0,OFF,Closed,Al,0.03,0,0,0,OFF,Closed,Hf,0.00,0,0,0,0,OFF,Closed,Ti,0.31,0,Watts,0,0,0,OFF,Closed,Nb,1.15,0,Watts,0,0,0,OFF,Closed,Sn,0.02,0,Watts,1,0,0,0,OFF,Closed,Ta,0.84,0,Watts
16-Jul-25,9:47:54 AM,2,ON,30,0.42,-0.1,OFF,1000.00,OFF,-0.31,0.00,0.05,0.00,-0.01,0.00,598,600,0,0,OFF,Closed,100W MAX!,0.07,0,0,0,OFF,Closed,Al,0.03,0,0,0,OFF,Closed,Hf,0.00,0,0,0,0,OFF,Closed,Ti,0.31,0,Watts,0,0,0,OFF,Closed,Nb,1.15,0,Watts,0,0,0,OFF,Closed,Sn,0.02,0,Watts,1,0,0,0,OFF,Closed,Ta,0.84,0,Watts
16-Jul-25,9:47:59 AM,2,ON,30,0.42,-0.1,OFF,1000.00,OFF,-0.31,0.00,0.05,0.00,-0.01,0.00,599,600,0,0,OFF,Closed,100W MAX!,0.07,0,0,0,OFF,Closed,Al,0.03,0,0,0,OFF,Closed,Hf,0.00,0,0,0,0,OFF,Closed,Ti,0.31,0,Watts,0,0,0,OFF,Closed,Nb,1.15,0,Watts,0,0,0,OFF,Closed,Sn,0.02,0,Watts,1,0,0,0,OFF,Closed,Ta,0.84,0,Watts
16-Jul-25,9:48:04 AM,2,ON,30,0.42,-0.1,OFF,1000.00,OFF,-0.31,0.00,0.05,0.00,-0.01,0.00,599,600,0,0,OFF,Closed,100W MAX!,0.07,0,0,0,OFF,Closed,Al,0.03,0,0,0,OFF,Closed,Hf,0.00,0,0,0,0,OFF,Closed,Ti,0.31,0,Watts,0,0,0,OFF,Closed,Nb,1.15,0,Watts,0,0,0,OFF,Closed,Sn,0.02,0,Watts,1,0,0,0,OFF,Closed,Ta,0.84,0,Watts
16-Jul-25,9:48:09 AM,2,ON,30,0.42,-0.1,OFF,1000.00,OFF,-0.31,0.00,0.05,0.00,-0.01,0.00,599,600,0,0,OFF,Closed,100W MAX!,0.07,0,0,0,OFF,Closed,Al,0.03,0,0,0,OFF,Closed,Hf,0.00,0,0,0,0,OFF,Closed,Ti,0.31,0,Watts,0,0,0,OFF,Closed,Nb,1.15,0,Watts,0,0,0,OFF,Closed,Sn,0.02,0,Watts,1,0,0,0,OFF,Closed,Ta,0.84,0,Watts
16-Jul-25,9:48:14 AM,2,ON,30,0.42,-0.1,OFF,1000.00,OFF,-0.31,0.00,0.05,0.00,-0.01,0.00,599,600,0,0,OFF,Closed,100W MAX!,0.07,0,0,0,OFF,Closed,Al,0.03,0,0,0,OFF,Closed,Hf,0.00,0,0,0,0,OFF,Closed,Ti,0.31,0,Watts,0,0,0,OFF,Closed,Nb,1.15,0,Watts,0,0,0,OFF,Closed,Sn,0.02,0,Watts,1,0,0,0,OFF,Closed,Ta,0.84,0,Watts
16-Jul-25,9:48:19 AM,2,ON,30,0.42,-0.1,OFF,1000.00,OFF,-0.31,0.00,0.05,0.00,-0.01,0.00,599,600,0,0,OFF,Closed,100W MAX!,0.07,0,0,0,OFF,Closed,Al,0.03,0,0,0,OFF,Closed,Hf,0.00,0,0,0,0,OFF,Closed,Ti,0.31,0,Watts,0,0,0,OFF,Closed,Nb,1.15,0,Watts,0,0,0,OFF,Closed,Sn,0.02,0,Watts,1,0,0,0,OFF,Closed,Ta,0.84,0,Watts
16-Jul-25,9:48:24 AM,2,ON,30,0.42,-0.1,OFF,1000.00,OFF,-0.31,0.00,0.05,0.00,-0.01,0.00,599,600,0,0,OFF,Closed,100W MAX!,0.07,0,0,0,OFF,Closed,Al,0.03,0,0,0,OFF,Closed,Hf,0.00,0,0,0,0,OFF,Closed,Ti,0.31,0,Watts,0,0,0,OFF,Closed,Nb,1.15,0,Watts,0,0,0,OFF,Closed,Sn,0.02,0,Watts,1,0,0,0,OFF,Closed,Ta,0.84,0,Watts
16-Jul-25,9:48:29 AM,2,ON,30,0.42,-0.1,OFF,1000.00,OFF,-0.31,0.00,0.05,0.00,-0.01,0.00,599,600,0,0,OFF,Closed,100W MAX!,0.07,0,0,0,OFF,Closed,Al,0.03,0,0,0,OFF,Closed,Hf,0.00,0,0,0,0,OFF,Closed,Ti,0.31,0,Watts,0,0,0,OFF,Closed,Nb,1.15,0,Watts,0,0,0,OFF,Closed,Sn,0.02,0,Watts,1,0,0,0,OFF,Closed,Ta,0.84,0,Watts
16-Jul-25,9:48:34 AM,2,ON,30,0.42,-0.0,OFF,1000.00,OFF,-0.31,0.00,0.05,0.00,-0.01,0.00,599,600,0,0,OFF,Closed,100W MAX!,0.07,0,0,0,OFF,Closed,Al,0.03,0,0,0,OFF,Closed,Hf,0.00,0,0,0,0,OFF,Closed,Ti,0.31,0,Watts,0,0,0,OFF,Closed,Nb,1.15,0,Watts,0,0,0,OFF,Closed,Sn,0.02,0,Watts,1,0,0,0,OFF,Closed,Ta,0.84,0,Watts
16-Jul-25,9:48:39 AM,2,ON,30,0.42,-0.1,OFF,1000.00,OFF,-0.31,0.00,0.05,0.00,-0.01,0.00,599,600,0,0,OFF,Closed,100W MAX!,0.07,0,0,0,OFF,Closed,Al,0.03,0,0,0,OFF,Closed,Hf,0.00,0,0,0,0,OFF,Closed,Ti,0.31,0,Watts,0,0,0,OFF,Closed,Nb,1.15,0,Watts,0,0,0,OFF,Closed,Sn,0.02,0,Watts,1,0,0,0,OFF,Closed,Ta,0.84,0,Watts
16-Jul-25,9:48:44 AM,2,ON,30,0.42,-0.1,OFF,1000.00,OFF,-0.31,0.00,0.05,0.00,-0.01,0.00,599,600,0,0,OFF,Closed,100W MAX!,0.07,0,0,0,OFF,Closed,Al,0.03,0,0,0,OFF,Closed,Hf,0.00,0,0,0,0,OFF,Closed,Ti,0.31,0,Watts,0,0,0,OFF,Closed,Nb,1.15,0,Watts,0,0,0,OFF,Closed,Sn,0.02,0,Watts,1,0,0,0,OFF,Closed,Ta,0.84,0,Watts
16-Jul-25,9:48:49 AM,2,ON,30,0.42,-0.1,OFF,1000.00,OFF,-0.31,0.00,0.05,0.00,-0.01,0.00,599,600,0,0,OFF,Closed,100W MAX!,0.07,0,0,0,OFF,Closed,Al,0.03,0,0,0,OFF,Closed,Hf,0.00,0,0,0,0,OFF,Closed,Ti,0.31,0,Watts,0,0,0,OFF,Closed,Nb,1.15,0,Watts,0,0,0,OFF,Closed,Sn,0.02,0,Watts,1,0,0,0,OFF,Closed,Ta,0.84,0,Watts
16-Jul-25,9:48:54 AM,2,ON,30,0.42,-0.1,OFF,1000.00,OFF,-0.31,0.00,0.05,0.00,-0.01,0.00,599,600,0,0,OFF,Closed,100W MAX!,0.07,0,0,0,OFF,Closed,Al,0.03,0,0,0,OFF,Closed,Hf,0.00,0,0,0,0,OFF,Closed,Ti,0.31,0,Watts,0,0,0,OFF,Closed,Nb,1.15,0,Watts,0,0,0,OFF,Closed,Sn,0.02,0,Watts,1,0,0,0,OFF,Closed,Ta,0.84,0,Watts
16-Jul-25,9:48:59 AM,2,ON,30,0.42,-0.1,OFF,1000.00,OFF,-0.31,0.00,0.05,0.00,-0.01,0.00,599,600,0,0,OFF,Closed,100W MAX!,0.07,0,0,0,OFF,Closed,Al,0.03,0,0,0,OFF,Closed,Hf,0.00,0,0,0,0,OFF,Closed,Ti,0.31,0,Watts,0,0,0,OFF,Closed,Nb,1.15,0,Watts,0,0,0,OFF,Closed,Sn,0.02,0,Watts,1,0,0,0,OFF,Closed,Ta,0.84,0,Watts
16-Jul-25,9:49:04 AM,2,ON,30,0.42,-0.1,OFF,1000.00,OFF,-0.31,0.00,0.05,0.00,-0.01,0.00,599,600,0,0,OFF,Closed,100W MAX!,0.07,0,0,0,OFF,Closed,Al,0.03,0,0,0,OFF,Closed,Hf,0.00,0,0,0,0,OFF,Closed,Ti,0.31,0,Watts,0,0,0,OFF,Closed,Nb,1.15,0,Watts,0,0,0,OFF,Closed,Sn,0.02,0,Watts,1,0,0,0,OFF,Closed,Ta,0.84,0,Watts
16-Jul-25,9:49:09 AM,2,ON,30,0.42,-0.0,OFF,1000.00,OFF,-0.31,0.00,0.05,0.00,-0.01,0.00,599,600,0,0,OFF,Closed,100W MAX!,0.07,0,0,0,OFF,Closed,Al,0.03,0,0,0,OFF,Closed,Hf,0.00,0,0,0,0,OFF,Closed,Ti,0.31,0,Watts,0,0,0,OFF,Closed,Nb,1.15,0,Watts,0,0,0,OFF,Closed,Sn,0.02,0,Watts,1,0,0,0,OFF,Closed,Ta,0.84,0,Watts
16-Jul-25,9:49:14 AM,2,ON,30,0.42,-0.0,OFF,1000.00,OFF,-0.31,0.00,0.05,0.00,-0.01,0.00,599,600,0,0,OFF,Closed,100W MAX!,0.07,0,0,0,OFF,Closed,Al,0.03,0,0,0,OFF,Closed,Hf,0.00,0,0,0,0,OFF,Closed,Ti,0.31,0,Watts,0,0,0,OFF,Closed,Nb,1.15,0,Watts,0,0,0,OFF,Closed,Sn,0.02,0,Watts,1,0,0,0,OFF,Closed,Ta,0.84,0,Watts
16-Jul-25,9:49:19 AM,2,ON,30,0.42,-0.1,OFF,1000.00,OFF,-0.31,0.00,0.05,0.00,-0.01,0.00,599,600,0,0,OFF,Closed,100W MAX!,0.07,0,0,0,OFF,Closed,Al,0.03,0,0,0,OFF,Closed,Hf,0.00,0,0,0,0,OFF,Closed,Ti,0.31,0,Watts,0,0,0,OFF,Closed,Nb,1.15,0,Watts,0,0,0,OFF,Closed,Sn,0.02,0,Watts,1,0,0,0,OFF,Closed,Ta,0.84,0,Watts
16-Jul-25,9:49:24 AM,2,ON,30,0.42,-0.1,OFF,1000.00,OFF,-0.31,0.00,0.05,0.00,-0.01,0.00,599,600,0,0,OFF,Closed,100W MAX!,0.07,0,0,0,OFF,Closed,Al,0.03,0,0,0,OFF,Closed,Hf,0.00,0,0,0,0,OFF,Closed,Ti,0.31,0,Watts,0,0,0,OFF,Closed,Nb,1.15,0,Watts,0,0,0,OFF,Closed,Sn,0.02,0,Watts,1,0,0,0,OFF,Closed,Ta,0.84,0,Watts
16-Jul-25,9:49:29 AM,2,ON,30,0.42,-0.0,OFF,1000.00,OFF,-0.31,0.00,0.05,0.00,-0.01,0.00,599,600,0,0,OFF,Closed,100W MAX!,0.07,0,0,0,OFF,Closed,Al,0.03,0,0,0,OFF,Closed,Hf,0.00,0,0,0,0,OFF,Closed,Ti,0.31,0,Watts,0,0,0,OFF,Closed,Nb,1.15,0,Watts,0,0,0,OFF,Closed,Sn,0.02,0,Watts,1,0,0,0,OFF,Closed,Ta,0.84,0,Watts
16-Jul-25,9:49:34 AM,2,ON,30,0.42,-0.1,OFF,1000.00,OFF,-0.31,0.00,0.05,0.00,-0.01,0.00,599,600,0,0,OFF,Closed,100W MAX!,0.07,0,0,0,OFF,Closed,Al,0.03,0,0,0,OFF,Closed,Hf,0.00,0,0,0,0,OFF,Closed,Ti,0.31,0,Watts,0,0,0,OFF,Closed,Nb,1.15,0,Watts,0,0,0,OFF,Closed,Sn,0.02,0,Watts,1,0,0,0,OFF,Closed,Ta,0.84,0,Watts
16-Jul-25,9:49:39 AM,2,ON,30,0.42,-0.1,OFF,1000.00,OFF,-0.31,0.00,0.05,0.00,-0.01,0.00,599,600,0,0,OFF,Closed,100W MAX!,0.07,0,0,0,OFF,Closed,Al,0.03,0,0,0,OFF,Closed,Hf,0.00,0,0,0,0,OFF,Closed,Ti,0.31,0,Watts,0,0,0,OFF,Closed,Nb,1.15,0,Watts,0,0,0,OFF,Closed,Sn,0.02,0,Watts,1,0,0,0,OFF,Closed,Ta,0.84,0,Watts
16-Jul-25,9:49:44 AM,2,ON,30,0.42,-0.1,OFF,1000.00,OFF,-0.31,0.00,0.05,0.00,-0.01,0.00,599,600,0,0,OFF,Closed,100W MAX!,0.07,0,0,0,OFF,Closed,Al,0.03,0,0,0,OFF,Closed,Hf,0.00,0,0,0,0,OFF,Closed,Ti,0.31,0,Watts,0,0,0,OFF,Closed,Nb,1.15,0,Watts,0,0,0,OFF,Closed,Sn,0.02,0,Watts,1,0,0,0,OFF,Closed,Ta,0.84,0,Watts
16-Jul-25,9:49:49 AM,2,ON,30,0.42,-0.0,OFF,1000.00,OFF,-0.31,0.00,0.05,0.00,-0.01,0.00,599,600,0,0,OFF,Closed,100W MAX!,0.07,0,0,0,OFF,Closed,Al,0.03,0,0,0,OFF,Closed,Hf,0.00,0,0,0,0,OFF,Closed,Ti,0.31,0,Watts,0,0,0,OFF,Closed,Nb,1.15,0,Watts,0,0,0,OFF,Closed,Sn,0.02,0,Watts,1,0,0,0,OFF,Closed,Ta,0.84,0,Watts
16-Jul-25,9:49:54 AM,2,ON,30,0.42,-0.0,OFF,1000.00,OFF,-0.31,0.00,0.05,0.00,-0.01,0.00,599,600,0,0,OFF,Closed,100W MAX!,0.07,0,0,0,OFF,Closed,Al,0.03,0,0,0,OFF,Closed,Hf,0.00,0,0,0,0,OFF,Closed,Ti,0.31,0,Watts,0,0,0,OFF,Closed,Nb,1.15,0,Watts,0,0,0,OFF,Closed,Sn,0.02,0,Watts,1,0,0,0,OFF,Closed,Ta,0.84,0,Watts
16-Jul-25,9:49:59 AM,2,ON,30,0.42,-0.1,OFF,1000.00,OFF,-0.31,0.00,0.05,0.00,-0.01,0.00,599,600,0,0,OFF,Closed,100W MAX!,0.07,0,0,0,OFF,Closed,Al,0.03,0,0,0,OFF,Closed,Hf,0.00,0,0,0,0,OFF,Closed,Ti,0.31,0,Watts,0,0,0,OFF,Closed,Nb,1.15,0,Watts,0,0,0,OFF,Closed,Sn,0.02,0,Watts,1,0,0,0,OFF,Closed,Ta,0.84,0,Watts
16-Jul-25,9:50:04 AM,2,ON,30,0.42,-0.1,OFF,1000.00,OFF,-0.31,0.00,0.05,0.00,-0.01,0.00,599,600,0,0,OFF,Closed,100W MAX!,0.07,0,0,0,OFF,Closed,Al,0.03,0,0,0,OFF,Closed,Hf,0.00,0,0,0,0,OFF,Closed,Ti,0.31,0,Watts,0,0,0,OFF,Closed,Nb,1.15,0,Watts,0,0,0,OFF,Closed,Sn,0.02,0,Watts,1,0,0,0,OFF,Closed,Ta,0.84,0,Watts
16-Jul-25,9:50:09 AM,2,ON,30,0.42,-0.1,OFF,1000.00,OFF,-0.31,0.00,0.05,0.00,-0.01,0.00,599,600,0,0,OFF,Closed,100W MAX!,0.07,0,0,0,OFF,Closed,Al,0.03,0,0,0,OFF,Closed,Hf,0.00,0,0,0,0,OFF,Closed,Ti,0.31,0,Watts,0,0,0,OFF,Closed,Nb,1.15,0,Watts,0,0,0,OFF,Closed,Sn,0.02,0,Watts,1,0,0,0,OFF,Closed,Ta,0.84,0,Watts
16-Jul-25,9:50:14 AM,2,ON,30,0.42,-0.1,OFF,1000.00,OFF,-0.31,0.00,0.05,0.00,-0.01,0.00,599,600,0,0,OFF,Closed,100W MAX!,0.07,0,0,0,OFF,Closed,Al,0.03,0,0,0,OFF,Closed,Hf,0.00,0,0,0,0,OFF,Closed,Ti,0.31,0,Watts,0,0,0,OFF,Closed,Nb,1.15,0,Watts,0,0,0,OFF,Closed,Sn,0.02,0,Watts,1,0,0,0,OFF,Closed,Ta,0.84,0,Watts
16-Jul-25,9:50:19 AM,2,ON,30,0.42,-0.1,OFF,1000.00,OFF,-0.31,0.00,0.05,0.00,-0.01,0.00,598,600,0,0,OFF,Closed,100W MAX!,0.07,0,0,0,OFF,Closed,Al,0.03,0,0,0,OFF,Closed,Hf,0.00,0,0,0,0,OFF,Closed,Ti,0.31,0,Watts,0,0,0,OFF,Closed,Nb,1.15,0,Watts,0,0,0,OFF,Closed,Sn,0.02,0,Watts,1,0,0,0,OFF,Closed,Ta,0.84,0,Watts
16-Jul-25,9:50:24 AM,2,ON,30,0.42,0.0,OFF,1000.00,OFF,-0.31,0.00,0.05,0.00,-0.01,0.00,599,600,0,0,OFF,Closed,100W MAX!,0.07,0,0,0,OFF,Closed,Al,0.03,0,0,0,OFF,Closed,Hf,0.00,0,0,0,0,OFF,Closed,Ti,0.31,0,Watts,0,0,0,OFF,Closed,Nb,1.15,0,Watts,0,0,0,OFF,Closed,Sn,0.02,0,Watts,1,0,0,0,OFF,Closed,Ta,0.84,0,Watts
16-Jul-25,9:50:29 AM,2,ON,30,0.42,-0.0,OFF,1000.00,OFF,-0.31,0.00,0.05,0.00,-0.01,0.00,599,600,0,0,OFF,Closed,100W MAX!,0.07,0,0,0,OFF,Closed,Al,0.03,0,0,0,OFF,Closed,Hf,0.00,0,0,0,0,OFF,Closed,Ti,0.31,0,Watts,0,0,0,OFF,Closed,Nb,1.15,0,Watts,0,0,0,OFF,Closed,Sn,0.02,0,Watts,1,0,0,0,OFF,Closed,Ta,0.84,0,Watts
16-Jul-25,9:50:34 AM,2,ON,30,0.42,-0.1,OFF,1000.00,OFF,-0.31,0.00,0.05,0.00,-0.01,0.00,599,600,0,0,OFF,Closed,100W MAX!,0.07,0,0,0,OFF,Closed,Al,0.03,0,0,0,OFF,Closed,Hf,0.00,0,0,0,0,OFF,Closed,Ti,0.31,0,Watts,0,0,0,OFF,Closed,Nb,1.15,0,Watts,0,0,0,OFF,Closed,Sn,0.02,0,Watts,1,0,0,0,OFF,Closed,Ta,0.84,0,Watts
16-Jul-25,9:50:39 AM,2,ON,30,0.42,-0.1,OFF,1000.00,OFF,-0.31,0.00,0.05,0.00,-0.01,0.00,600,600,0,0,OFF,Closed,100W MAX!,0.07,0,0,0,OFF,Closed,Al,0.03,0,0,0,OFF,Closed,Hf,0.00,0,0,0,0,OFF,Closed,Ti,0.31,0,Watts,0,0,0,OFF,Closed,Nb,1.15,0,Watts,0,0,0,OFF,Closed,Sn,0.02,0,Watts,1,0,0,0,OFF,Closed,Ta,0.84,0,Watts
16-Jul-25,9:50:44 AM,2,ON,30,0.42,-0.0,OFF,1000.00,OFF,-0.31,0.00,0.05,0.00,-0.01,0.00,599,600,0,0,OFF,Closed,100W MAX!,0.07,0,0,0,OFF,Closed,Al,0.03,0,0,0,OFF,Closed,Hf,0.00,0,0,0,0,OFF,Closed,Ti,0.31,0,Watts,0,0,0,OFF,Closed,Nb,1.15,0,Watts,0,0,0,OFF,Closed,Sn,0.02,0,Watts,1,0,0,0,OFF,Closed,Ta,0.84,0,Watts
16-Jul-25,9:50:49 AM,2,ON,30,0.42,-0.1,OFF,1000.00,OFF,-0.31,0.00,0.05,0.00,-0.01,0.00,599,600,0,0,OFF,Closed,100W MAX!,0.07,0,0,0,OFF,Closed,Al,0.03,0,0,0,OFF,Closed,Hf,0.00,0,0,0,0,OFF,Closed,Ti,0.31,0,Watts,0,0,0,OFF,Closed,Nb,1.15,0,Watts,0,0,0,OFF,Closed,Sn,0.02,0,Watts,1,0,0,0,OFF,Closed,Ta,0.84,0,Watts
16-Jul-25,9:50:54 AM,2,ON,30,0.42,-0.1,OFF,1000.00,OFF,-0.31,0.00,0.05,0.00,-0.01,0.00,599,600,0,0,OFF,Closed,100W MAX!,0.07,0,0,0,OFF,Closed,Al,0.03,0,0,0,OFF,Closed,Hf,0.00,0,0,0,0,OFF,Closed,Ti,0.31,0,Watts,0,0,0,OFF,Closed,Nb,1.15,0,Watts,0,0,0,OFF,Closed,Sn,0.02,0,Watts,1,0,0,0,OFF,Closed,Ta,0.84,0,Watts
16-Jul-25,9:50:59 AM,2,ON,30,0.42,-0.0,OFF,1000.00,OFF,-0.31,0.00,0.05,0.00,-0.01,0.00,599,600,0,0,OFF,Closed,100W MAX!,0.07,0,0,0,OFF,Closed,Al,0.03,0,0,0,OFF,Closed,Hf,0.00,0,0,0,0,OFF,Closed,Ti,0.31,0,Watts,0,0,0,OFF,Closed,Nb,1.15,0,Watts,0,0,0,OFF,Closed,Sn,0.02,0,Watts,1,0,0,0,OFF,Closed,Ta,0.84,0,Watts
16-Jul-25,9:51:04 AM,2,ON,30,0.42,-0.1,OFF,1000.00,OFF,-0.31,0.00,0.05,0.00,-0.01,0.00,598,600,0,0,OFF,Closed,100W MAX!,0.07,0,0,0,OFF,Closed,Al,0.03,0,0,0,OFF,Closed,Hf,0.00,0,0,0,0,OFF,Closed,Ti,0.31,0,Watts,0,0,0,OFF,Closed,Nb,1.15,0,Watts,0,0,0,OFF,Closed,Sn,0.02,0,Watts,1,0,0,0,OFF,Closed,Ta,0.84,0,Watts
16-Jul-25,9:51:09 AM,2,ON,30,0.42,-0.1,OFF,1000.00,OFF,-0.31,0.00,0.05,0.00,-0.01,0.00,599,600,0,0,OFF,Closed,100W MAX!,0.07,0,0,0,OFF,Closed,Al,0.03,0,0,0,OFF,Closed,Hf,0.00,0,0,0,0,OFF,Closed,Ti,0.31,0,Watts,0,0,0,OFF,Closed,Nb,1.15,0,Watts,0,0,0,OFF,Closed,Sn,0.02,0,Watts,1,0,0,0,OFF,Closed,Ta,0.84,0,Watts
16-Jul-25,9:51:14 AM,2,ON,30,0.42,-0.0,OFF,1000.00,OFF,-0.31,0.00,0.05,0.00,-0.01,0.00,599,600,0,0,OFF,Closed,100W MAX!,0.07,0,0,0,OFF,Closed,Al,0.03,0,0,0,OFF,Closed,Hf,0.00,0,0,0,0,OFF,Closed,Ti,0.31,0,Watts,0,0,0,OFF,Closed,Nb,1.15,0,Watts,0,0,0,OFF,Closed,Sn,0.02,0,Watts,1,0,0,0,OFF,Closed,Ta,0.84,0,Watts
16-Jul-25,9:51:19 AM,2,ON,30,0.42,-0.1,OFF,1000.00,OFF,-0.31,0.00,0.05,0.00,-0.01,0.00,599,600,0,0,OFF,Closed,100W MAX!,0.07,0,0,0,OFF,Closed,Al,0.03,0,0,0,OFF,Closed,Hf,0.00,0,0,0,0,OFF,Closed,Ti,0.31,0,Watts,0,0,0,OFF,Closed,Nb,1.15,0,Watts,0,0,0,OFF,Closed,Sn,0.02,0,Watts,1,0,0,0,OFF,Closed,Ta,0.84,0,Watts
16-Jul-25,9:51:24 AM,2,ON,30,0.42,-0.1,OFF,1000.00,OFF,-0.31,0.00,0.05,0.00,-0.01,0.00,599,600,0,0,OFF,Closed,100W MAX!,0.07,0,0,0,OFF,Closed,Al,0.03,0,0,0,OFF,Closed,Hf,0.00,0,0,0,0,OFF,Closed,Ti,0.31,0,Watts,0,0,0,OFF,Closed,Nb,1.15,0,Watts,0,0,0,OFF,Closed,Sn,0.02,0,Watts,1,0,0,0,OFF,Closed,Ta,0.84,0,Watts
16-Jul-25,9:51:29 AM,2,ON,30,0.42,-0.1,OFF,1000.00,OFF,-0.31,0.00,0.05,0.00,-0.01,0.00,599,600,0,0,OFF,Closed,100W MAX!,0.07,0,0,0,OFF,Closed,Al,0.03,0,0,0,OFF,Closed,Hf,0.00,0,0,0,0,OFF,Closed,Ti,0.31,0,Watts,0,0,0,OFF,Closed,Nb,1.15,0,Watts,0,0,0,OFF,Closed,Sn,0.02,0,Watts,1,0,0,0,OFF,Closed,Ta,0.84,0,Watts
16-Jul-25,9:51:34 AM,2,ON,30,0.42,-0.0,OFF,1000.00,OFF,-0.31,0.00,0.05,0.00,-0.01,0.00,599,600,0,0,OFF,Closed,100W MAX!,0.07,0,0,0,OFF,Closed,Al,0.03,0,0,0,OFF,Closed,Hf,0.00,0,0,0,0,OFF,Closed,Ti,0.31,0,Watts,0,0,0,OFF,Closed,Nb,1.15,0,Watts,0,0,0,OFF,Closed,Sn,0.02,0,Watts,1,0,0,0,OFF,Closed,Ta,0.84,0,Watts
16-Jul-25,9:51:39 AM,2,ON,30,0.42,-0.0,OFF,1000.00,OFF,-0.31,0.00,0.05,0.00,-0.01,0.00,600,600,0,0,OFF,Closed,100W MAX!,0.07,0,0,0,OFF,Closed,Al,0.03,0,0,0,OFF,Closed,Hf,0.00,0,0,0,0,OFF,Closed,Ti,0.31,0,Watts,0,0,0,OFF,Closed,Nb,1.15,0,Watts,0,0,0,OFF,Closed,Sn,0.02,0,Watts,1,0,0,0,OFF,Closed,Ta,0.84,0,Watts
16-Jul-25,9:51:44 AM,2,ON,30,0.42,-0.0,OFF,1000.00,OFF,-0.31,0.00,0.05,0.00,-0.01,0.00,599,600,0,0,OFF,Closed,100W MAX!,0.07,0,0,0,OFF,Closed,Al,0.03,0,0,0,OFF,Closed,Hf,0.00,0,0,0,0,OFF,Closed,Ti,0.31,0,Watts,0,0,0,OFF,Closed,Nb,1.15,0,Watts,0,0,0,OFF,Closed,Sn,0.02,0,Watts,1,0,0,0,OFF,Closed,Ta,0.84,0,Watts
16-Jul-25,9:51:49 AM,2,ON,30,0.42,-0.1,OFF,1000.00,OFF,-0.31,0.00,0.05,0.00,-0.01,0.00,600,600,0,0,OFF,Closed,100W MAX!,0.07,0,0,0,OFF,Closed,Al,0.03,0,0,0,OFF,Closed,Hf,0.00,0,0,0,0,OFF,Closed,Ti,0.31,0,Watts,0,0,0,OFF,Closed,Nb,1.15,0,Watts,0,0,0,OFF,Closed,Sn,0.02,0,Watts,1,0,0,0,OFF,Closed,Ta,0.84,0,Watts
16-Jul-25,9:51:54 AM,2,ON,30,0.42,-0.1,OFF,1000.00,OFF,-0.31,0.00,0.05,0.00,-0.01,0.00,599,600,0,0,OFF,Closed,100W MAX!,0.07,0,0,0,OFF,Closed,Al,0.03,0,0,0,OFF,Closed,Hf,0.00,0,0,0,0,OFF,Closed,Ti,0.31,0,Watts,0,0,0,OFF,Closed,Nb,1.15,0,Watts,0,0,0,OFF,Closed,Sn,0.02,0,Watts,1,0,0,0,OFF,Closed,Ta,0.84,0,Watts
16-Jul-25,9:51:59 AM,2,ON,30,0.42,-0.1,OFF,1000.00,OFF,-0.31,0.00,0.05,0.00,-0.01,0.00,599,600,0,0,OFF,Closed,100W MAX!,0.07,0,0,0,OFF,Closed,Al,0.03,0,0,0,OFF,Closed,Hf,0.00,0,0,0,0,OFF,Closed,Ti,0.31,0,Watts,0,0,0,OFF,Closed,Nb,1.15,0,Watts,0,0,0,OFF,Closed,Sn,0.02,0,Watts,1,0,0,0,OFF,Closed,Ta,0.84,0,Watts
16-Jul-25,9:52:04 AM,3,ON,30,,-0.0,OFF,275.00,OFF,29.82,30.00,0.05,0.00,-0.01,0.00,599,600,0,0,OFF,Closed,100W MAX!,0.07,0,0,0,OFF,Closed,Al,0.03,0,0,0,OFF,Closed,Hf,0.00,0,0,0,0,OFF,Closed,Ti,0.31,0,Watts,0,0,0,OFF,Closed,Nb,1.15,0,Watts,0,0,0,OFF,Closed,Sn,0.02,0,Watts,1,-0,-0,-0,OFF,Closed,Ta,0.84,0,Watts
16-Jul-25,9:52:09 AM,3,ON,30,0.42,6.1,OFF,275.00,OFF,29.96,30.00,0.05,0.00,-0.01,0.00,598,600,0,0,OFF,Closed,100W MAX!,0.07,0,0,0,OFF,Closed,Al,0.03,0,0,0,OFF,Closed,Hf,0.00,0,0,0,0,OFF,Closed,Ti,0.31,0,Watts,0,0,0,OFF,Closed,Nb,1.15,0,Watts,0,0,0,OFF,Closed,Sn,0.02,0,Watts,1,0,0,-1,ON,Closed,Ta,0.84,0,Watts
16-Jul-25,9:52:14 AM,3,ON,30,0.42,16.7,OFF,275.00,OFF,29.99,30.00,0.05,0.00,-0.01,0.00,599,600,0,0,OFF,Closed,100W MAX!,0.07,0,0,0,OFF,Closed,Al,0.03,0,0,0,OFF,Closed,Hf,0.00,0,0,0,0,OFF,Closed,Ti,0.31,0,Watts,0,0,0,OFF,Closed,Nb,1.15,0,Watts,0,0,0,OFF,Closed,Sn,0.02,0,Watts,1,-0,-0,0,OFF,Closed,Ta,0.84,0,Watts
16-Jul-25,9:52:19 AM,3,ON,30,0.42,21.2,OFF,275.00,OFF,29.99,30.00,0.05,0.00,-0.01,0.00,599,600,0,0,OFF,Closed,100W MAX!,0.07,0,0,0,OFF,Closed,Al,0.03,0,0,0,OFF,Closed,Hf,0.00,0,0,0,0,OFF,Closed,Ti,0.31,0,Watts,0,0,0,OFF,Closed,Nb,1.15,0,Watts,0,0,0,OFF,Closed,Sn,0.02,0,Watts,1,0,-0,-0,ON,Closed,Ta,0.84,0,Watts
16-Jul-25,9:52:24 AM,3,ON,30,0.42,24.2,OFF,275.00,OFF,29.99,30.00,0.05,0.00,-0.01,0.00,599,600,0,0,OFF,Closed,100W MAX!,0.07,0,0,0,OFF,Closed,Al,0.03,0,0,0,OFF,Closed,Hf,0.00,0,0,0,0,OFF,Closed,Ti,0.31,0,Watts,0,0,0,OFF,Closed,Nb,1.15,0,Watts,0,0,0,OFF,Closed,Sn,0.02,0,Watts,1,-0,-0,-0,OFF,Closed,Ta,0.84,0,Watts
16-Jul-25,9:52:29 AM,3,ON,30,0.42,26.1,OFF,275.00,OFF,30.00,30.00,0.05,0.00,-0.01,0.00,599,600,0,0,OFF,Closed,100W MAX!,0.07,0,0,0,OFF,Closed,Al,0.03,0,0,0,OFF,Closed,Hf,0.00,0,0,0,0,OFF,Closed,Ti,0.31,0,Watts,0,0,0,OFF,Closed,Nb,1.15,0,Watts,0,0,0,OFF,Closed,Sn,0.02,0,Watts,1,0,-0,-0,ON,Closed,Ta,0.84,0,Watts
16-Jul-25,9:52:34 AM,3,ON,30,0.42,27.4,OFF,275.00,OFF,29.99,30.00,0.05,0.00,-0.01,0.00,599,600,0,0,OFF,Closed,100W MAX!,0.07,0,0,0,OFF,Closed,Al,0.03,0,0,0,OFF,Closed,Hf,0.00,0,0,0,0,OFF,Closed,Ti,0.31,0,Watts,0,0,0,OFF,Closed,Nb,1.15,0,Watts,0,0,0,OFF,Closed,Sn,0.02,0,Watts,1,-0,-0,-1,OFF,Closed,Ta,0.84,0,Watts
16-Jul-25,9:52:39 AM,3,ON,30,0.42,28.2,OFF,275.00,OFF,30.00,30.00,0.05,0.00,-0.01,0.00,599,600,0,0,OFF,Closed,100W MAX!,0.07,0,0,0,OFF,Closed,Al,0.03,0,0,0,OFF,Closed,Hf,0.00,0,0,0,0,OFF,Closed,Ti,0.31,0,Watts,0,0,0,OFF,Closed,Nb,1.15,0,Watts,0,0,0,OFF,Closed,Sn,0.02,0,Watts,1,-0,-0,-0,OFF,Closed,Ta,0.84,0,Watts
16-Jul-25,9:52:44 AM,3,ON,30,0.42,28.8,OFF,275.00,OFF,30.00,30.00,0.05,0.00,-0.01,0.00,599,600,0,0,OFF,Closed,100W MAX!,0.07,0,0,0,OFF,Closed,Al,0.03,0,0,0,OFF,Closed,Hf,0.00,0,0,0,0,OFF,Closed,Ti,0.31,0,Watts,0,0,0,OFF,Closed,Nb,1.15,0,Watts,0,0,0,OFF,Closed,Sn,0.02,0,Watts,1,-0,-0,-0,OFF,Closed,Ta,0.84,0,Watts
16-Jul-25,9:52:49 AM,3,ON,30,0.42,29.1,OFF,275.00,OFF,30.00,30.00,0.05,0.00,-0.01,0.00,599,600,0,0,OFF,Closed,100W MAX!,0.07,0,0,0,OFF,Closed,Al,0.03,0,0,0,OFF,Closed,Hf,0.00,0,0,0,0,OFF,Closed,Ti,0.31,0,Watts,0,0,0,OFF,Closed,Nb,1.15,0,Watts,0,0,0,OFF,Closed,Sn,0.02,0,Watts,1,-0,0,-0,OFF,Closed,Ta,0.84,0,Watts
16-Jul-25,9:52:54 AM,3,ON,30,0.42,29.3,OFF,275.00,OFF,30.00,30.00,0.05,0.00,-0.01,0.00,599,600,0,0,OFF,Closed,100W MAX!,0.07,0,0,0,OFF,Closed,Al,0.03,0,0,0,OFF,Closed,Hf,0.00,0,0,0,0,OFF,Closed,Ti,0.31,0,Watts,0,0,0,OFF,Closed,Nb,1.15,0,Watts,0,0,0,OFF,Closed,Sn,0.02,0,Watts,1,-0,-0,-0,OFF,Closed,Ta,0.84,0,Watts
16-Jul-25,9:52:59 AM,3,ON,30,0.42,29.6,OFF,275.00,OFF,30.00,30.00,0.05,0.00,-0.01,0.00,599,600,0,0,OFF,Closed,100W MAX!,0.07,0,0,0,OFF,Closed,Al,0.03,0,0,0,OFF,Closed,Hf,0.00,0,0,0,0,OFF,Closed,Ti,0.31,0,Watts,0,0,0,OFF,Closed,Nb,1.15,0,Watts,0,0,0,OFF,Closed,Sn,0.02,0,Watts,1,0,-0,-0,ON,Closed,Ta,0.84,0,Watts
16-Jul-25,9:53:04 AM,3,ON,30,0.42,29.7,OFF,275.00,OFF,30.00,30.00,0.05,0.00,-0.01,0.00,599,600,0,0,OFF,Closed,100W MAX!,0.07,0,0,0,OFF,Closed,Al,0.03,0,0,0,OFF,Closed,Hf,0.00,0,0,0,0,OFF,Closed,Ti,0.31,0,Watts,0,0,0,OFF,Closed,Nb,1.15,0,Watts,0,0,0,OFF,Closed,Sn,0.02,0,Watts,1,-0,-0,-0,ON,Closed,Ta,0.84,0,Watts
16-Jul-25,9:53:09 AM,3,ON,30,0.42,29.7,OFF,275.00,OFF,30.00,30.00,0.05,0.00,-0.01,0.00,599,600,0,0,OFF,Closed,100W MAX!,0.07,0,0,0,OFF,Closed,Al,0.03,0,0,0,OFF,Closed,Hf,0.00,0,0,0,0,OFF,Closed,Ti,0.31,0,Watts,0,0,0,OFF,Closed,Nb,1.15,0,Watts,0,0,0,OFF,Closed,Sn,0.02,0,Watts,1,-0,-0,-0,OFF,Closed,Ta,0.84,0,Watts
16-Jul-25,9:53:14 AM,3,ON,30,0.42,29.7,OFF,275.00,OFF,30.00,30.00,0.05,0.00,-0.01,0.00,599,600,0,0,OFF,Closed,100W MAX!,0.07,0,0,0,OFF,Closed,Al,0.03,0,0,0,OFF,Closed,Hf,0.00,0,0,0,0,OFF,Closed,Ti,0.31,0,Watts,0,0,0,OFF,Closed,Nb,1.15,0,Watts,0,0,0,OFF,Closed,Sn,0.02,0,Watts,1,0,-1,-0,ON,Closed,Ta,0.84,0,Watts
16-Jul-25,9:53:19 AM,3,ON,30,0.42,29.8,OFF,275.00,OFF,30.00,30.00,0.05,0.00,-0.01,0.00,599,600,0,0,OFF,Closed,100W MAX!,0.07,0,0,0,OFF,Closed,Al,0.03,0,0,0,OFF,Closed,Hf,0.00,0,0,0,0,OFF,Closed,Ti,0.31,0,Watts,0,0,0,OFF,Closed,Nb,1.15,0,Watts,0,0,0,OFF,Closed,Sn,0.02,0,Watts,1,0,-0,-1,ON,Closed,Ta,0.84,0,Watts
16-Jul-25,9:53:24 AM,3,ON,30,0.42,29.8,OFF,275.00,OFF,30.00,30.00,0.05,0.00,-0.01,0.00,599,600,0,0,OFF,Closed,100W MAX!,0.07,0,0,0,OFF,Closed,Al,0.03,0,0,0,OFF,Closed,Hf,0.00,0,0,0,0,OFF,Closed,Ti,0.31,0,Watts,0,0,0,OFF,Closed,Nb,1.15,0,Watts,0,0,0,OFF,Closed,Sn,0.02,0,Watts,1,-0,-0,-0,OFF,Closed,Ta,0.84,0,Watts
16-Jul-25,9:53:29 AM,3,ON,30,0.42,29.8,OFF,275.00,OFF,30.00,30.00,0.05,0.00,-0.01,0.00,599,600,0,0,OFF,Closed,100W MAX!,0.07,0,0,0,OFF,Closed,Al,0.03,0,0,0,OFF,Closed,Hf,0.00,0,0,0,0,OFF,Closed,Ti,0.31,0,Watts,0,0,0,OFF,Closed,Nb,1.15,0,Watts,0,0,0,OFF,Closed,Sn,0.02,0,Watts,1,0,0,-0,ON,Closed,Ta,0.84,0,Watts
16-Jul-25,9:53:34 AM,3,ON,30,0.42,29.8,OFF,275.00,OFF,30.00,30.00,0.05,0.00,-0.01,0.00,599,600,0,0,OFF,Closed,100W MAX!,0.07,0,0,0,OFF,Closed,Al,0.03,0,0,0,OFF,Closed,Hf,0.00,0,0,0,0,OFF,Closed,Ti,0.31,0,Watts,0,0,0,OFF,Closed,Nb,1.15,0,Watts,0,0,0,OFF,Closed,Sn,0.02,0,Watts,1,0,0,-0,ON,Closed,Ta,0.84,0,Watts
16-Jul-25,9:53:39 AM,3,ON,30,0.42,29.8,OFF,275.00,OFF,30.00,30.00,0.05,0.00,-0.01,0.00,599,600,0,0,OFF,Closed,100W MAX!,0.07,0,0,0,OFF,Closed,Al,0.03,0,0,0,OFF,Closed,Hf,0.00,0,0,0,0,OFF,Closed,Ti,0.31,0,Watts,0,0,0,OFF,Closed,Nb,1.15,0,Watts,0,0,0,OFF,Closed,Sn,0.02,0,Watts,1,-0,-0,-1,OFF,Closed,Ta,0.84,0,Watts
16-Jul-25,9:53:44 AM,3,ON,30,0.42,29.8,OFF,275.00,OFF,30.00,30.00,0.05,0.00,-0.01,0.00,599,600,0,0,OFF,Closed,100W MAX!,0.07,0,0,0,OFF,Closed,Al,0.03,0,0,0,OFF,Closed,Hf,0.00,0,0,0,0,OFF,Closed,Ti,0.31,0,Watts,0,0,0,OFF,Closed,Nb,1.15,0,Watts,0,0,0,OFF,Closed,Sn,0.02,0,Watts,1,0,-0,-1,ON,Closed,Ta,0.84,0,Watts
16-Jul-25,9:53:49 AM,3,ON,30,0.42,29.8,OFF,275.00,OFF,30.00,30.00,0.05,0.00,-0.01,0.00,599,600,0,0,OFF,Closed,100W MAX!,0.07,0,0,0,OFF,Closed,Al,0.03,0,0,0,OFF,Closed,Hf,0.00,0,0,0,0,OFF,Closed,Ti,0.31,0,Watts,0,0,0,OFF,Closed,Nb,1.15,0,Watts,0,0,0,OFF,Closed,Sn,0.02,0,Watts,1,0,0,-1,OFF,Closed,Ta,0.84,0,Watts
16-Jul-25,9:53:54 AM,3,ON,30,0.42,29.8,OFF,275.00,OFF,30.00,30.00,0.05,0.00,-0.01,0.00,599,600,0,0,OFF,Closed,100W MAX!,0.07,0,0,0,OFF,Closed,Al,0.03,0,0,0,OFF,Closed,Hf,0.00,0,0,0,0,OFF,Closed,Ti,0.31,0,Watts,0,0,0,OFF,Closed,Nb,1.15,0,Watts,0,0,0,OFF,Closed,Sn,0.02,0,Watts,1,0,-0,0,ON,Closed,Ta,0.84,0,Watts
16-Jul-25,9:53:59 AM,3,ON,30,0.42,29.8,OFF,275.00,OFF,30.00,30.00,0.05,0.00,-0.01,0.00,600,600,0,0,OFF,Closed,100W MAX!,0.07,0,0,0,OFF,Closed,Al,0.03,0,0,0,OFF,Closed,Hf,0.00,0,0,0,0,OFF,Closed,Ti,0.31,0,Watts,0,0,0,OFF,Closed,Nb,1.15,0,Watts,0,0,0,OFF,Closed,Sn,0.02,0,Watts,1,0,-0,-1,ON,Closed,Ta,0.84,0,Watts
16-Jul-25,9:54:04 AM,3,ON,30,0.42,29.8,OFF,275.00,OFF,30.00,30.00,0.05,0.00,-0.01,0.00,599,600,0,0,OFF,Closed,100W MAX!,0.07,0,0,0,OFF,Closed,Al,0.03,0,0,0,OFF,Closed,Hf,0.00,0,0,0,0,OFF,Closed,Ti,0.31,0,Watts,0,0,0,OFF,Closed,Nb,1.15,0,Watts,0,0,0,OFF,Closed,Sn,0.02,0,Watts,1,0,-0,-0,ON,Closed,Ta,0.84,0,Watts
16-Jul-25,9:54:09 AM,3,ON,30,0.42,29.8,OFF,275.00,OFF,30.00,30.00,0.05,0.00,-0.01,0.00,599,600,0,0,OFF,Closed,100W MAX!,0.07,0,0,0,OFF,Closed,Al,0.03,0,0,0,OFF,Closed,Hf,0.00,0,0,0,0,OFF,Closed,Ti,0.31,0,Watts,0,0,0,OFF,Closed,Nb,1.15,0,Watts,0,0,0,OFF,Closed,Sn,0.02,0,Watts,1,-0,-0,-0,OFF,Closed,Ta,0.84,0,Watts
16-Jul-25,9:54:14 AM,3,ON,30,0.42,29.8,OFF,275.00,OFF,30.00,30.00,0.05,0.00,-0.01,0.00,599,600,0,0,OFF,Closed,100W MAX!,0.07,0,0,0,OFF,Closed,Al,0.03,0,0,0,OFF,Closed,Hf,0.00,0,0,0,0,OFF,Closed,Ti,0.31,0,Watts,0,0,0,OFF,Closed,Nb,1.15,0,Watts,0,0,0,OFF,Closed,Sn,0.02,0,Watts,1,0,-0,0,ON,Closed,Ta,0.84,0,Watts
16-Jul-25,9:54:19 AM,3,ON,30,0.42,29.8,OFF,275.00,OFF,30.00,30.00,0.05,0.00,-0.01,0.00,599,600,0,0,OFF,Closed,100W MAX!,0.07,0,0,0,OFF,Closed,Al,0.03,0,0,0,OFF,Closed,Hf,0.00,0,0,0,0,OFF,Closed,Ti,0.31,0,Watts,0,0,0,OFF,Closed,Nb,1.15,0,Watts,0,0,0,OFF,Closed,Sn,0.02,0,Watts,1,-0,0,-0,OFF,Closed,Ta,0.84,0,Watts
16-Jul-25,9:54:24 AM,3,ON,30,0.42,29.8,OFF,275.00,OFF,30.00,30.00,0.05,0.00,-0.01,0.00,598,600,0,0,OFF,Closed,100W MAX!,0.07,0,0,0,OFF,Closed,Al,0.03,0,0,0,OFF,Closed,Hf,0.00,0,0,0,0,OFF,Closed,Ti,0.31,0,Watts,0,0,0,OFF,Closed,Nb,1.15,0,Watts,0,0,0,OFF,Closed,Sn,0.02,0,Watts,1,0,-0,-1,ON,Closed,Ta,0.84,0,Watts
16-Jul-25,9:54:29 AM,3,ON,30,0.42,29.8,OFF,275.00,OFF,30.00,30.00,0.05,0.00,-0.01,0.00,599,600,0,0,OFF,Closed,100W MAX!,0.07,0,0,0,OFF,Closed,Al,0.03,0,0,0,OFF,Closed,Hf,0.00,0,0,0,0,OFF,Closed,Ti,0.31,0,Watts,0,0,0,OFF,Closed,Nb,1.15,0,Watts,0,0,0,OFF,Closed,Sn,0.02,0,Watts,1,0,-0,0,ON,Closed,Ta,0.84,0,Watts
16-Jul-25,9:54:34 AM,3,ON,30,0.42,29.8,OFF,275.00,OFF,30.00,30.00,0.05,0.00,-0.01,0.00,599,600,0,0,OFF,Closed,100W MAX!,0.07,0,0,0,OFF,Closed,Al,0.03,0,0,0,OFF,Closed,Hf,0.00,0,0,0,0,OFF,Closed,Ti,0.31,0,Watts,0,0,0,OFF,Closed,Nb,1.15,0,Watts,0,0,0,OFF,Closed,Sn,0.02,0,Watts,1,-0,-0,-0,OFF,Closed,Ta,0.84,0,Watts
16-Jul-25,9:54:39 AM,3,ON,30,0.42,29.8,OFF,275.00,OFF,30.00,30.00,0.05,0.00,-0.01,0.00,599,600,0,0,OFF,Closed,100W MAX!,0.07,0,0,0,OFF,Closed,Al,0.03,0,0,0,OFF,Closed,Hf,0.00,0,0,0,0,OFF,Closed,Ti,0.31,0,Watts,0,0,0,OFF,Closed,Nb,1.15,0,Watts,0,0,0,OFF,Closed,Sn,0.02,0,Watts,1,-0,-0,-0,OFF,Closed,Ta,0.84,0,Watts
16-Jul-25,9:54:44 AM,3,ON,30,0.42,29.8,OFF,275.00,OFF,30.00,30.00,0.05,0.00,-0.01,0.00,599,600,0,0,OFF,Closed,100W MAX!,0.07,0,0,0,OFF,Closed,Al,0.03,0,0,0,OFF,Closed,Hf,0.00,0,0,0,0,OFF,Closed,Ti,0.31,0,Watts,0,0,0,OFF,Closed,Nb,1.15,0,Watts,0,0,0,OFF,Closed,Sn,0.02,0,Watts,1,-0,-0,-1,OFF,Closed,Ta,0.84,0,Watts
16-Jul-25,9:54:49 AM,3,ON,30,0.42,29.8,OFF,275.00,OFF,30.00,30.00,0.05,0.00,-0.01,0.00,599,600,0,0,OFF,Closed,100W MAX!,0.07,0,0,0,OFF,Closed,Al,0.03,0,0,0,OFF,Closed,Hf,0.00,0,0,0,0,OFF,Closed,Ti,0.31,0,Watts,0,0,0,OFF,Closed,Nb,1.15,0,Watts,0,0,0,OFF,Closed,Sn,0.02,0,Watts,1,-0,-0,-1,OFF,Closed,Ta,0.84,0,Watts
16-Jul-25,9:54:54 AM,3,ON,30,0.42,29.9,OFF,275.00,OFF,30.00,30.00,0.05,0.00,-0.01,0.00,599,600,0,0,OFF,Closed,100W MAX!,0.07,0,0,0,OFF,Closed,Al,0.03,0,0,0,OFF,Closed,Hf,0.00,0,0,0,0,OFF,Closed,Ti,0.31,0,Watts,0,0,0,OFF,Closed,Nb,1.15,0,Watts,0,0,0,OFF,Closed,Sn,0.02,0,Watts,1,0,-0,-0,ON,Closed,Ta,0.84,0,Watts
16-Jul-25,9:54:59 AM,3,ON,30,0.42,29.8,OFF,275.00,OFF,30.00,30.00,0.05,0.00,-0.01,0.00,600,600,0,0,OFF,Closed,100W MAX!,0.07,0,0,0,OFF,Closed,Al,0.03,0,0,0,OFF,Closed,Hf,0.00,0,0,0,0,OFF,Closed,Ti,0.31,0,Watts,0,0,0,OFF,Closed,Nb,1.15,0,Watts,0,0,0,OFF,Closed,Sn,0.02,0,Watts,1,-0,-0,-0,OFF,Closed,Ta,0.84,0,Watts
16-Jul-25,9:55:04 AM,3,ON,30,0.42,29.8,OFF,275.00,OFF,30.00,30.00,0.05,0.00,-0.01,0.00,598,600,0,0,OFF,Closed,100W MAX!,0.07,0,0,0,OFF,Closed,Al,0.03,0,0,0,OFF,Closed,Hf,0.00,0,0,0,0,OFF,Closed,Ti,0.31,0,Watts,0,0,0,OFF,Closed,Nb,1.15,0,Watts,0,0,0,OFF,Closed,Sn,0.02,0,Watts,1,-0,-0,0,OFF,Closed,Ta,0.84,0,Watts
16-Jul-25,9:55:09 AM,3,ON,30,0.42,29.8,OFF,275.00,OFF,30.00,30.00,0.05,0.00,-0.01,0.00,599,600,0,0,OFF,Closed,100W MAX!,0.07,0,0,0,OFF,Closed,Al,0.03,0,0,0,OFF,Closed,Hf,0.00,0,0,0,0,OFF,Closed,Ti,0.31,0,Watts,0,0,0,OFF,Closed,Nb,1.15,0,Watts,0,0,0,OFF,Closed,Sn,0.02,0,Watts,1,-0,-1,-0,OFF,Closed,Ta,0.84,30,Watts
16-Jul-25,9:55:14 AM,3,ON,30,0.42,29.8,OFF,275.00,OFF,30.00,30.00,0.05,0.00,-0.01,0.00,599,600,0,0,OFF,Closed,100W MAX!,0.07,0,0,0,OFF,Closed,Al,0.03,0,0,0,OFF,Closed,Hf,0.00,0,0,0,0,OFF,Closed,Ti,0.31,0,Watts,0,0,0,OFF,Closed,Nb,1.15,0,Watts,0,0,0,OFF,Closed,Sn,0.02,0,Watts,1,0,-0,-0,OFF,Closed,Ta,0.84,30,Watts
16-Jul-25,9:55:19 AM,3,ON,30,0.42,29.8,OFF,275.00,OFF,30.00,30.00,0.05,0.00,-0.01,0.00,599,600,0,0,OFF,Closed,100W MAX!,0.07,0,0,0,OFF,Closed,Al,0.03,0,0,0,OFF,Closed,Hf,0.00,0,0,0,0,OFF,Closed,Ti,0.31,0,Watts,0,0,0,OFF,Closed,Nb,1.15,0,Watts,0,0,0,OFF,Closed,Sn,0.02,0,Watts,1,-0,-0,-0,OFF,Closed,Ta,0.84,30,Watts
16-Jul-25,9:55:24 AM,3,ON,30,0.42,29.8,OFF,275.00,OFF,30.00,30.00,0.05,0.00,-0.01,0.00,599,600,0,0,OFF,Closed,100W MAX!,0.07,0,0,0,OFF,Closed,Al,0.03,0,0,0,OFF,Closed,Hf,0.00,0,0,0,0,OFF,Closed,Ti,0.31,0,Watts,0,0,0,OFF,Closed,Nb,1.15,0,Watts,0,0,0,OFF,Closed,Sn,0.02,0,Watts,1,-0,-0,0,OFF,Closed,Ta,0.84,30,Watts
16-Jul-25,9:55:29 AM,3,ON,30,0.42,29.8,OFF,275.00,OFF,30.00,30.00,0.05,0.00,-0.01,0.00,599,600,0,0,OFF,Closed,100W MAX!,0.07,0,0,0,OFF,Closed,Al,0.03,0,0,0,OFF,Closed,Hf,0.00,0,0,0,0,OFF,Closed,Ti,0.31,0,Watts,0,0,0,OFF,Closed,Nb,1.15,0,Watts,0,0,0,OFF,Closed,Sn,0.02,0,Watts,1,-0,0,-1,OFF,Closed,Ta,0.84,30,Watts
16-Jul-25,9:55:34 AM,3,ON,30,0.42,29.8,OFF,275.00,OFF,30.00,30.00,0.05,0.00,-0.01,0.00,598,600,0,0,OFF,Closed,100W MAX!,0.07,0,0,0,OFF,Closed,Al,0.03,0,0,0,OFF,Closed,Hf,0.00,0,0,0,0,OFF,Closed,Ti,0.31,0,Watts,0,0,0,OFF,Closed,Nb,1.15,0,Watts,0,0,0,OFF,Closed,Sn,0.02,0,Watts,1,-0,-0,-1,OFF,Closed,Ta,0.84,30,Watts
16-Jul-25,9:55:39 AM,3,ON,30,0.42,29.8,OFF,275.00,OFF,30.00,30.00,0.05,0.00,-0.01,0.00,599,600,0,0,OFF,Closed,100W MAX!,0.07,0,0,0,OFF,Closed,Al,0.03,0,0,0,OFF,Closed,Hf,0.00,0,0,0,0,OFF,Closed,Ti,0.31,0,Watts,0,0,0,OFF,Closed,Nb,1.15,0,Watts,0,0,0,OFF,Closed,Sn,0.02,0,Watts,1,0,-0,-0,ON,Closed,Ta,0.84,30,Watts
16-Jul-25,9:55:44 AM,3,ON,30,0.42,29.9,OFF,275.00,OFF,30.00,30.00,0.05,0.00,-0.01,0.00,599,600,0,0,OFF,Closed,100W MAX!,0.07,0,0,0,OFF,Closed,Al,0.03,0,0,0,OFF,Closed,Hf,0.00,0,0,0,0,OFF,Closed,Ti,0.31,0,Watts,0,0,0,OFF,Closed,Nb,1.15,0,Watts,0,0,0,OFF,Closed,Sn,0.02,0,Watts,1,-0,0,0,OFF,Closed,Ta,0.84,0,Watts
